hanzi,pinyin,meaning,distractor_1,distractor_2,distractor_3,distractor_4,distractor_5,distractor_6,distractor_7,distractor_8,distractor_9,level
一,yī,one,二,三,兰,亡,工,童,上,干,曰,HSK1
不,bù,no,才,术,否,补,查,宋,杯,下,尘,HSK1
了,le,did,子,仔,疗,亨,字,丁,刁,尤,才,HSK1
人,rén,person,入,介,八,从,久,大,欠,认,众,HSK1
大,dà,big,犬,矢,失,太,夫,天,庆,关,央,HSK1
出,chū,to exit,山,击,世,止,吐,叶,臣,岳,正,HSK1
也,yě,also,他,地,七,匕,把,抱,包,孔,扎,HSK1
子,zǐ,child,字,毕,亨,宁,仔,丁,宇,奇,号,HSK1
用,yòng,to utilize,明,开,届,肝,胆,声,再,月,阻,HSK1
行,xíng,OK,何,付,订,仔,闭,钉,侍,待,讨,HSK1
日,rì,day,旧,白,旦,百,吉,曰,且,目,巨,HSK1
十,shí,ten,土,士,干,丰,叶,早,工,牛,上,HSK1
工,gōng,work,干,正,王,上,玉,土,士,早,曰,HSK1
手,shǒu,hand,千,币,乎,丢,舌,宇,书,任,乓,HSK1
文,wén,literature,又,叉,丈,支,艾,反,仅,义,仗,HSK1
二,èr,two,三,一,曰,工,兰,国,口,回,匪,HSK1
西,xī,west,因,百,岩,音,四,早,智,酋,亩,HSK1
月,yuè,month,户,片,丹,局,声,民,芦,肩,启,HSK1
门,mén,entrance,订,问,宁,汇,忙,让,闭,京,亨,HSK1
儿,ér,son,几,九,凡,冗,刀,仇,力,乃,尤,HSK1
几,jǐ,several,凡,冗,九,儿,刀,万,力,乃,兄,HSK1
口,kǒu,mouth,曰,回,吕,旦,日,旧,巨,凹,呈,HSK1
女,nǚ,woman,友,丈,支,妆,皮,仗,艾,攻,安,HSK1
山,shān,mountain,止,出,正,上,吐,占,士,叶,卓,HSK1
马,mǎ,horse,吗,丐,乌,与,写,引,号,骨,向,HSK1
五,wǔ,five,丑,虫,宙,击,非,宝,辛,羊,距,HSK1
书,shū,book,寺,市,辛,牛,在,车,卡,壮,拄,HSK1
非,fēi,non-,菲,昔,宜,咱,吾,首,拒,宙,距,HSK1
飞,fēi,to fly,兆,凤,咸,方,秃,或,凡,成,代,HSK1
干,gān,dry,工,王,玉,早,十,土,正,亩,臣,HSK1
车,chē,car,牢,军,辛,至,空,宝,罕,在,轩,HSK1
火,huǒ,fire,伙,欠,灭,次,众,认,久,炊,介,HSK1
九,jiǔ,nine,力,凡,几,尤,丸,儿,冗,仇,刀,HSK1
八,bā,eight,入,人,叭,从,扒,爪,介,久,又,HSK1
七,qī,seven,匕,宅,孔,北,扎,也,托,此,比,HSK1
米,mǐ,rice,朱,宋,术,来,未,末,休,床,奈,HSK1
毛,máo,fur,宅,托,七,笔,氏,脊,抡,爸,纸,HSK1
习,xí,to learn,刁,匀,订,斗,污,巧,尼,叼,亨,HSK1
朋,péng,companion,肪,鹿,朗,崩,服,期,钥,脏,厉,HSK1
雨,yǔ,rain,南,堂,国,平,菲,匪,晋,围,晴,HSK1
午,wǔ,noon,牛,年,生,半,右,牢,告,开,石,HSK1
他,tā,he,地,抱,创,扰,拖,弛,袍,池,扼,HSK1
这,zhè,this,迭,达,送,葵,逻,安,妆,委,途,HSK1
个,gè,individual,介,今,企,令,价,之,命,芥,禾,HSK1
们,men,plural,行,何,闭,门,怀,忙,付,示,栏,HSK1
来,lái,to come,宋,朱,末,束,未,茉,柬,荣,果,HSK1
和,hé,harmony,租,棺,程,柄,枢,相,秤,柜,杆,HSK1
时,shí,time,吁,节,苛,市,钻,拓,即,布,寺,HSK1
要,yào,to want,妻,宴,姜,妄,更,巢,最,坚,嘎,HSK1
对,duì,correct,劝,艰,刘,好,劫,拼,钥,寂,叔,HSK1
过,guò,to pass,迎,连,退,违,适,还,进,运,辽,HSK1
作,zuò,to do,佑,乍,炸,住,诈,伴,恰,件,佯,HSK1
么,me,muh,公,讼,冷,令,必,少,玄,矛,永,HSK1
看,kàn,to look at,着,春,眷,香,督,省,暮,售,奢,HSK1
分,fēn,part,份,芬,吩,尖,方,允,盼,乃,朵,HSK1
还,huán,to return,述,迎,连,过,退,运,迷,沫,洽,HSK1
进,jìn,to advance,连,违,送,迭,过,速,逝,适,逮,HSK1
好,hǎo,good,始,姊,奸,妆,娘,妒,对,婚,按,HSK1
她,tā,she,施,姥,拖,娥,抛,姚,哦,驰,挑,HSK1
本,běn,notebook,末,宋,未,才,木,朱,来,术,束,HSK1
开,kāi,to open,庄,牛,生,尹,年,井,午,丰,肝,HSK1
从,cóng,to follow,众,认,欠,火,扒,欣,久,队,仅,HSK1
机,jī,machine,杭,枕,巩,仇,讥,饥,祝,优,忧,HSK1
明,míng,bright,胡,朗,眼,胆,用,昭,姐,肝,朝,HSK1
三,sān,three,二,兰,匪,国,司,工,豆,曰,上,HSK1
间,jiān,interval,问,司,可,恒,同,呵,凹,喧,语,HSK1
问,wèn,to ask,间,可,呵,司,同,即,恒,尚,语,HSK1
什,shén,what,仲,住,伸,任,伴,估,在,计,壮,HSK1
果,guǒ,fruit,柬,束,栗,呆,茉,来,某,架,桌,HSK1
回,huí,to return,曰,吕,巨,凹,固,口,旦,画,呈,HSK1
比,bǐ,to compare,北,此,孔,订,扎,记,花,礼,屁,HSK1
水,shuǐ,water,衣,永,依,外,芬,冰,伏,求,尖,HSK1
认,rèn,to recognize,水,伙,伏,火,从,队,价,冰,介,HSK1
条,tiáo,strip,祭,茶,贫,拎,绘,途,惫,设,徐,HSK1
打,dǎ,to strike,拧,寸,钉,守,时,宇,毕,宁,扑,HSK1
四,sì,four,匹,西,囚,因,团,石,匠,叮,巫,HSK1
电,diàn,electricity,屯,拍,芭,市,民,韦,再,尹,串,HSK1
太,tài,excessively,大,犬,失,矢,夫,仗,友,央,夭,HSK1
再,zài,again,丰,甫,宙,串,审,羊,申,市,革,HSK1
听,tīng,to listen,旷,矿,斤,研,垢,析,哈,折,俱,HSK1
难,nán,difficult,雏,雅,准,谁,稚,维,推,祥,粹,HSK1
记,jì,to remember,订,祀,讨,钉,范,巧,京,纪,毕,HSK1
北,běi,north,比,此,孔,扎,花,轧,批,订,礼,HSK1
边,biān,border,迈,办,选,近,达,劝,功,远,访,HSK1
准,zhǔn,standard,淮,谁,惟,难,洋,祥,维,潜,渔,HSK1
怎,zěn,how,忘,杂,录,射,怠,悲,宏,茅,有,HSK1
叫,jiào,to call,坦,凸,叶,吓,问,吁,距,间,芒,HSK1
备,bèi,to prepare,各,客,谷,爷,葵,奋,绎,雀,轰,HSK1
写,xiě,to write,与,号,亭,乌,鸟,骂,马,享,高,HSK1
吗,ma,question,码,马,呜,鸣,哨,蚂,啃,乌,呀,HSK1
吧,bā,bar,肥,巴,吨,把,盹,芭,叮,靶,吁,HSK1
六,liù,six,兴,立,穴,位,业,哀,示,烂,订,HSK1
号,hào,number,亏,弓,乌,丐,与,享,亨,亭,宁,HSK1
兴,xìng,excitement,六,亦,穴,示,位,东,吵,米,尖,HSK1
孩,hái,child,拨,援,段,姿,教,婆,敦,毅,该,HSK1
友,yǒu,friend,皮,肢,支,攻,仗,艾,技,故,叹,HSK1
男,nán,male,另,晃,哭,界,吴,宪,果,弟,旁,HSK1
网,wǎng,net,两,钢,躯,刚,祸,阀,抠,驱,枢,HSK1
谁,shéi,who,准,祥,详,禅,惟,诺,课,堆,渔,HSK1
汉,hàn,Han,议,纹,仪,没,父,牧,义,波,攻,HSK1
衣,yī,clothing,农,依,水,茶,伏,芬,芥,长,余,HSK1
妈,mā,mama,媳,姆,嫦,蚂,婿,冯,玛,猜,好,HSK1
右,yòu,right,石,岩,告,吞,在,伯,但,若,店,HSK1
爷,yé,grandfather,备,谷,衷,爸,译,斧,条,各,泽,HSK1
爸,bà,papa,爷,斧,我,脊,龟,绝,抡,备,好,HSK1
休,xiū,to rest,体,保,术,木,林,床,伏,朱,宋,HSK1
唱,chàng,to sing,喧,罩,皇,曹,国,罪,晶,晴,画,HSK1
奶,nǎi,milk,妨,扔,劝,办,旅,狼,狗,妒,妈,HSK1
鸡,jī,chicken,鸦,魂,观,挎,骑,船,鸽,捣,舵,HSK1
杯,bēi,cup,朴,林,怀,材,补,麻,环,杆,坏,HSK1
昨,zuó,yesterday,矩,卧,暗,柜,柏,审,智,晤,相,HSK1
有,yǒu,to possess,肖,存,乍,毕,侍,酒,窄,俏,苟,HSK1
中,zhōng,middle,申,由,廿,击,甘,甲,串,叶,田,HSK1
上,shàng,above,正,工,士,土,止,呈,占,卓,早,HSK1
生,shēng,life,牛,年,丰,主,午,开,苗,庄,半,HSK1
那,nà,that,都,邦,郁,邪,廊,郑,防,陡,部,HSK1
着,zhe,to continue,看,差,春,眷,售,暮,署,奢,暑,HSK1
下,xià,below,否,吓,音,西,亡,岩,早,石,卧,HSK1
后,hòu,behind,启,店,盾,斤,杏,居,届,月,肩,HSK1
事,shì,matter,掌,青,董,害,毒,辜,寓,薯,嘉,HSK1
方,fāng,direction,万,力,乃,刀,仿,历,分,九,刃,HSK1
多,duō,many,侈,衫,哆,灸,移,修,冬,爹,够,HSK1
天,tiān,heaven,夫,矢,犬,关,失,央,夹,大,厌,HSK1
小,xiǎo,small,心,勺,亦,穴,匀,化,少,兴,乃,HSK1
样,yàng,appearance,程,桂,柱,佯,秤,详,枉,件,粘,HSK1
想,xiǎng,to think,惩,粽,鲸,损,悲,栋,澳,掠,磅,HSK1
正,zhèng,correct,臣,工,上,王,旧,玉,干,士,土,HSK1
外,wài,outside,水,处,歹,伏,依,价,状,岁,芥,HSK1
很,hěn,very,恨,根,银,浪,痕,依,袁,哀,衰,HSK1
最,zuì,most,坚,暮,墓,垦,肾,宴,妻,督,衰,HSK1
体,tǐ,body,休,保,林,床,木,术,宋,栓,朱,HSK1
见,jiàn,to see,吭,党,凡,冠,觉,厄,讥,坑,宪,HSK1
名,míng,name,各,含,客,拾,杏,香,恰,合,奋,HSK1
别,bié,don't,判,吭,削,党,呢,剖,房,刑,宪,HSK1
白,bái,white,百,日,且,古,自,旧,吉,目,亩,HSK1
识,shí,knowledge,帜,职,凉,织,谅,京,惊,积,原,HSK1
风,fēng,wind,凤,咸,戒,成,庞,或,讽,底,伤,HSK1
服,fú,apparel,腹,敲,般,腺,膀,寂,骆,散,报,HSK1
元,yuán,dollar,完,无,克,兄,兑,厅,冗,党,匹,HSK1
呢,ne,how about,咙,原,码,凯,别,损,屁,祝,府,HSK1
花,huā,flowers,华,存,仔,抒,蛇,拧,诧,老,屹,HSK1
请,qǐng,to invite,谱,谓,情,惰,词,语,搞,谊,谐,HSK1
早,zǎo,early,旱,卓,百,干,晋,昔,臣,草,岩,HSK1
找,zhǎo,to look for,我,拼,拽,拢,挠,划,挨,挣,挽,HSK1
吃,chī,to eat,屹,乞,艺,忆,亿,挖,序,花,老,HSK1
图,tú,picture,囱,菌,窗,医,卤,窜,辈,匿,筐,HSK1
语,yǔ,language,悟,谊,谱,证,诺,智,磊,恒,惜,HSK1
诉,sù,to accuse,祈,很,拆,侦,析,斥,折,恨,垢,HSK1
试,shì,test,讯,拭,汛,讨,域,诧,既,诫,花,HSK1
树,shù,tree,栋,祷,粹,梯,橙,钢,橱,拣,衬,HSK1
差,chà,to differ,着,奉,羞,塞,墓,磊,寿,筐,库,HSK1
岁,suì,years of age,罗,步,萝,歹,歧,泉,很,哀,列,HSK1
左,zuǒ,left,庄,右,压,庙,店,午,在,牙,本,HSK1
楼,lóu,multistory building,搂,释,棱,裸,稀,婪,格,核,嗓,HSK1
班,bān,class,琐,斑,街,萄,塘,绰,堤,损,塔,HSK1
肉,ròu,meat,丙,内,安,实,衷,买,闪,竖,迭,HSK1
忘,wàng,to forget,总,志,悲,窍,恶,亲,宏,息,忠,HSK1
床,chuáng,bed,宋,朱,术,来,木,未,庆,体,末,HSK1
妹,mèi,younger sister,殊,媒,抹,故,技,敌,联,枝,艰,HSK1
桌,zhuō,table,某,束,呆,莫,栗,吴,查,是,柬,HSK1
课,kè,lesson,程,谍,谋,禅,详,棵,裸,谁,样,HSK1
菜,cài,vegetable,采,梁,奕,染,案,突,变,秀,梨,HSK1
茶,chá,tea,余,芥,祭,奈,条,途,徐,苍,芬,HSK1
净,jìng,clean,符,涌,惫,馅,淹,鸿,僚,祭,淆,HSK1
是,shì,to be,足,桌,定,莫,弄,吴,昼,走,星,HSK1
在,zài,at,壮,住,右,扛,佳,扯,枉,钻,宝,HSK1
我,wǒ,I,找,哦,戏,俄,钱,残,拔,爸,娥,HSK1
国,guó,country,呈,固,皇,量,旱,堂,罩,吾,匪,HSK1
地,dì,ground,拖,抱,他,批,跑,把,弛,耽,扰,HSK1
会,huì,meeting,余,金,全,合,奈,食,含,茶,令,HSK1
能,néng,ability,毙,舵,挖,乳,窃,挎,鸦,弛,锐,HSK1
家,jiā,house,蒙,象,获,奏,养,逐,稼,嫁,像,HSK1
去,qù,to go,县,丢,车,至,云,辛,卡,空,尝,HSK1
学,xué,to study,字,孪,穿,孕,拦,窝,茅,尝,享,HSK1
同,tóng,same,司,间,可,高,宣,宫,问,富,固,HSK1
现,xiàn,present,耽,规,境,损,纯,瑰,捣,揽,琉,HSK1
没,méi,to not have,设,役,济,段,汉,纹,波,沃,狡,HSK1
动,dòng,to move,劫,灯,访,张,功,助,府,伤,炖,HSK1
面,miàn,face,亩,臣,干,里,王,咀,百,旺,甲,HSK1
些,xiē,some,拦,碧,享,窖,号,室,商,孟,辈,HSK1
关,guān,to shut,失,夹,夫,天,矢,犬,类,庆,央,HSK1
点,diǎn,spot,羔,忠,照,驻,职,哄,思,煮,症,HSK1
新,xīn,new,斩,薪,碌,崭,惭,断,轻,斯,寂,HSK1
身,shēn,body,良,肾,香,泉,某,痕,萝,衰,俱,HSK1
次,cì,occurrence,炊,欢,饮,欲,欣,坎,钦,沙,砍,HSK1
东,dōng,east,讨,杂,亲,亦,宏,凉,传,杀,刹,HSK1
气,qì,air,氧,氢,氛,包,武,式,讯,贰,夸,HSK1
放,fàng,to release,胶,纹,牧,奴,版,股,饭,肢,驭,HSK1
住,zhù,to dwell,伴,在,往,柱,估,佳,佯,什,任,HSK1
今,jīn,now,令,伶,含,会,贪,个,余,冷,怜,HSK1
笑,xiào,to laugh,奖,桨,务,矣,芬,秀,突,处,役,HSK1
远,yuǎn,distant,选,迅,迈,边,况,抗,恍,杭,院,HSK1
字,zì,character,学,享,亨,子,拦,毕,宇,存,寄,HSK1
爱,ài,love,奏,复,葵,娶,漫,埃,妥,致,挨,HSK1
息,xī,breath,意,鸣,惠,患,呜,恩,悲,驾,总,HSK1
视,shì,to look at,祝,就,规,卵,咙,惋,杭,舵,预,HSK1
包,bāo,package,疤,色,厄,旬,句,祀,尼,危,凡,HSK1
半,bàn,half,平,牢,当,羊,牛,玉,罕,主,车,HSK1
星,xīng,star,旱,章,辜,皇,兽,靠,晋,胃,昔,HSK1
校,xiào,school,秩,极,枚,咬,液,殊,核,秽,铰,HSK1
晚,wǎn,late,魄,晓,瑰,磅,魂,咙,雅,鸽,艳,HSK1
哪,nǎ,which,挪,椰,绑,娜,那,卿,瓶,喊,械,HSK1
喜,xǐ,joy,辜,宫,害,宣,营,兽,肯,星,草,HSK1
欢,huān,joyous,炊,饮,砍,欲,钦,欺,次,欣,吹,HSK1
买,mǎi,to buy,实,头,卖,贤,变,奕,尖,安,突,HSK1
哥,gē,older brother,高,富,堂,亭,兽,胃,常,营,苛,HSK1
姐,jiě,older sister,姑,矩,娃,祖,拍,奸,辟,明,昨,HSK1
介,jiè,to introduce,个,价,久,分,欠,入,芥,众,之,HSK1
坏,huài,bad,环,塔,堵,社,虾,杯,拓,伴,扑,HSK1
牛,niú,cow,生,午,年,丰,开,半,主,土,十,HSK1
玩,wán,to play,抚,宪,坑,抗,氓,项,抨,荒,配,HSK1
蛋,dàn,egg,隶,诺,争,套,退,茎,酒,衰,结,HSK1
的,de,possess,朗,肘,码,弹,躬,句,胡,旬,张,HSK1
你,nǐ,you,松,尔,讼,烁,弥,似,称,亦,砍,HSK1
得,dé,to obtain,待,碍,褐,悄,绰,侍,偶,讶,荷,HSK1
里,lǐ,inside,臣,面,甲,王,亩,呈,干,旺,苗,HSK1
两,liǎng,two,俩,网,柄,锅,坐,惟,丙,诬,厢,HSK1
高,gāo,tall,富,哥,宫,兽,宣,堂,亭,胃,同,HSK1
走,zǒu,walk,定,足,弄,是,并,丧,尹,末,井,HSK1
少,shǎo,few,公,尖,么,吵,沙,杉,火,穴,秒,HSK1
做,zuò,to make,傲,极,椒,破,敏,散,致,吸,敌,HSK1
场,chǎng,site,劲,扬,杨,苏,畅,窃,域,球,垮,HSK1
期,qī,period of time,钥,脏,脖,驻,朗,照,嵌,萌,胡,HSK1
路,lù,road,胳,略,铭,格,落,络,皱,敢,骆,HSK1
师,shī,teacher,帅,肺,临,刑,听,监,幅,席,布,HSK1
商,shāng,salesman,帘,窖,崎,磊,离,裔,暗,寄,简,HSK1
百,bǎi,hundred,吉,自,目,白,巨,且,日,早,亩,HSK1
跟,gēn,heel,银,眼,艰,朗,钥,堤,结,胡,衷,HSK1
站,zhàn,station,坛,培,钻,沽,贴,馆,结,惧,沾,HSK1
热,rè,hot,熟,熬,感,烈,裁,激,谈,馁,然,HSK1
坐,zuò,to sit,巫,矩,件,佯,座,柱,年,炬,伴,HSK1
脑,nǎo,brain,躯,恼,驱,胸,鸥,姻,钢,碰,抠,HSK1
送,sòng,to deliver,迭,这,连,逆,达,逻,遗,进,违,HSK1
冷,lěng,cold,铃,伶,拎,玲,讼,怜,绘,公,令,HSK1
帮,bāng,to help,挚,堕,惠,撑,塑,驾,搏,愚,宽,HSK1
弟,dì,younger brother,芽,男,朗,舟,牙,弹,畏,明,尹,HSK1
忙,máng,busy,怔,悍,证,让,惜,杠,栏,棺,宿,HSK1
饭,fàn,meal,板,扳,彼,版,纹,被,牧,叛,妖,HSK1
喝,hē,to drink,鸣,莺,骂,蔼,呜,崎,鹊,喂,醇,HSK1
店,diàn,store,庄,庙,启,居,伯,届,压,估,右,HSK1
页,yè,page,贡,员,贵,贞,贝,责,另,贾,项,HSK1
汽,qì,steam,汛,沉,泻,氨,涩,溃,洗,涝,试,HSK1
零,líng,zero,琴,资,寒,凄,赛,浸,拳,逢,经,HSK1
渴,kě,thirsty,滑,混,淳,泻,滴,褐,清,润,淌,HSK1
到,dào,to arrive,窍,坛,倒,帘,谅,罚,孪,饲,掠,HSK1
说,shuō,to speak,锐,祝,况,悦,窃,既,骑,恍,觉,HSK1
年,nián,year,生,牛,午,丰,开,尹,主,半,祖,HSK1
道,dào,way,适,遣,造,追,逼,迪,遭,连,逞,HSK1
起,qǐ,to begin,超,匙,摸,赶,庞,脖,招,抚,捉,HSK1
前,qián,in front,削,剖,箭,丽,耐,呜,闹,帝,帘,HSK1
第,dì,ordinal number,策,菊,冤,筝,筹,庭,耍,傍,拳,HSK1
知,zhī,to know,矩,短,厢,巫,炬,坐,烟,胚,哈,HSK1
等,děng,etc,蒋,荐,意,孪,惠,辱,塑,争,蜜,HSK1
话,huà,talk,沽,括,活,钻,洁,刮,许,计,住,HSK1
老,lǎo,old age,孝,考,季,花,茅,宅,巷,孕,隶,HSK1
先,xiān,before,光,无,丸,克,抚,尤,兑,宪,元,HSK1
真,zhēn,true,具,其,宾,县,黄,填,乓,乒,专,HSK1
告,gào,to declare,吉,百,古,岩,右,亩,占,昔,舌,HSK1
觉,jué,senses,览,宽,预,剪,顶,陨,觅,祝,究,HSK1
快,kuài,fast,侠,状,挟,诀,峡,扶,夹,缺,伏,HSK1
医,yī,doctor,因,否,音,团,卤,歪,奇,查,西,HSK1
考,kǎo,exam,孝,老,茅,存,录,序,蛋,争,学,HSK1
房,fáng,house,旁,芳,庞,厉,尿,定,屁,痕,张,HSK1
答,dá,to answer,签,裕,俗,鉴,该,给,谷,经,徐,HSK1
京,jīng,capital,宗,空,亲,守,谊,云,即,祟,原,HSK1
球,qiú,ball,珠,埃,拯,捡,碌,跌,斑,跃,秧,HSK1
假,jià,vacation,便,废,怪,秽,做,硬,夜,棱,梗,HSK1
拿,ná,to hold,含,盒,禽,会,季,舍,命,金,余,HSK1
您,nín,thou,愁,缆,怨,滤,恐,统,流,悉,忍,HSK1
穿,chuān,to wear,茅,窝,季,李,学,窄,裔,窒,勇,HSK1
块,kuài,lump,扶,挟,歧,快,坊,决,诀,峡,捉,HSK1
谢,xiè,to thank,栋,刹,既,射,拣,销,躺,询,粽,HSK1
票,piào,ticket,祟,崇,宗,弯,谓,请,磊,蛮,帘,HSK1
旁,páng,side,宪,芳,晃,亮,房,宠,党,竞,寇,HSK1
饿,è,to be hungry,饶,娥,哦,搬,俄,艇,锻,烧,撼,HSK1
都,dōu,all,那,郁,阵,邦,郭,部,邪,陷,陪,HSK1
常,cháng,often,啃,南,帝,哥,带,堂,蒂,搞,苛,HSK1
教,jiào,to teach,拨,数,敦,毅,较,救,激,矮,婆,HSK1
系,xì,department,浮,紧,讼,泳,紊,汤,紫,秘,溉,HSK1
南,nán,south,莹,碧,围,晴,幸,堂,靠,辜,罩,HSK1
院,yuàn,courtyard,陨,宽,剪,搅,祝,冠,览,预,觉,HSK1
病,bìng,illness,痛,痒,痴,钥,瘤,得,痹,待,尿,HSK1
客,kè,guest,容,蓉,轻,妄,番,眷,奋,奢,笛,HSK1
钱,qián,coin,践,线,残,浅,铰,沸,我,浇,贱,HSK1
读,dú,to read,溢,裳,蒋,卖,诀,寝,弈,怪,寨,HSK1
慢,màn,slow,馒,漫,寝,怪,棱,漠,曼,度,侵,HSK1
跑,pǎo,to run,抱,地,饱,胞,拘,刨,袍,弛,跨,HSK1
睡,shuì,to sleep,唾,群,鲤,哺,肆,瞎,韩,鲜,暇,HSK1
馆,guǎn,building,惧,慎,恨,饵,谐,饲,洒,惊,站,HSK1
歌,gē,song,砍,歇,吹,喉,燥,族,敞,敬,款,HSK1
绍,shào,to connect,窃,绢,纪,留,综,缩,铅,垮,钥,HSK1
洗,xǐ,to wash,淀,沈,锐,犹,涝,恍,涕,选,沉,HSK1
累,lèi,tired,素,索,絮,蜜,寨,窝,蒋,辱,垒,HSK1
重,zhòng,heavy,董,童,辜,害,曹,置,星,靠,量,HSK1
给,gěi,to give,经,俭,绘,洽,俗,徐,殆,径,裕,HSK1
候,hòu,to wait,侯,唉,喉,侦,柴,傍,侠,突,倾,HSK1
影,yǐng,shadow,彰,彭,煲,须,涉,淘,彩,渡,膨,HSK1
错,cuò,mistake,针,诺,堵,钻,措,钟,押,茫,插,HSK1
贵,guì,expensive,贡,责,员,页,贾,赏,贺,贞,顷,HSK1
就,jiù,at once,规,视,豌,锐,碗,梳,鸦,咙,惋,HSK1
而,ér,and,盖,吊,血,晋,缸,叮,平,面,巾,HSK2
心,xīn,heart,小,沁,化,孙,必,匀,芯,礼,幻,HSK2
力,lì,power,万,方,九,刀,乃,历,尤,功,先,HSK2
又,yòu,again,文,叉,仅,反,义,丈,久,支,艾,HSK2
业,yè,profession,亚,忙,让,诈,立,尘,证,杠,冲,HSK2
己,jǐ,self,已,巴,兄,岂,另,记,厄,芭,巧,HSK2
入,rù,to enter,人,介,八,久,又,从,众,分,之,HSK2
才,cái,genius,本,牙,宋,术,李,朱,末,木,未,HSK2
目,mù,eye,百,且,自,白,巨,日,吉,旦,曰,HSK2
王,wáng,king,玉,干,工,臣,正,土,士,亩,面,HSK2
片,piàn,slice,店,庄,伯,芦,户,声,居,估,庙,HSK2
鸟,niǎo,bird,乌,岛,呜,号,写,寄,与,鸣,息,HSK2
斤,jīn,Chinese pound,斥,芹,后,听,户,乒,尺,长,所,HSK2
于,yú,in,卫,吁,巾,宁,宇,宝,玉,节,土,HSK2
发,fā,to send out,牧,交,友,波,及,彼,肢,胶,攻,HSK2
如,rú,to be like,妇,奸,姻,矩,姐,姑,姓,知,始,HSK2
当,dāng,to work as,半,证,谊,团,宝,歪,恒,平,岩,HSK2
因,yīn,cause,囚,医,卤,西,团,困,齿,音,否,HSK2
只,zhǐ,only,否,京,汇,区,亏,亡,侣,冥,团,HSK2
长,cháng,long,禾,衣,才,会,米,余,朱,奈,术,HSK2
公,gōng,public,么,讼,冷,尔,永,必,少,冰,令,HSK2
已,yǐ,already,己,巴,岂,兄,另,芭,亏,克,弓,HSK2
全,quán,whole,金,舍,合,本,术,盒,企,命,会,HSK2
相,xiāng,one another,柜,柏,棺,枉,杠,粘,租,杆,桂,HSK2
利,lì,profit,稍,闲,柄,科,梢,莉,衬,棵,梯,HSK2
加,jiā,to add,茄,叨,历,刑,厉,席,旭,脏,屑,HSK2
声,shēng,voice,居,届,芦,弄,岸,尹,片,店,眉,HSK2
处,chù,location,仗,牧,枚,权,蚊,收,败,玫,叹,HSK2
务,wù,tasks,笑,劣,努,奖,役,设,挨,浆,贫,HSK2
必,bì,certainly,泌,冰,讼,论,沟,浆,沧,泡,劣,HSK2
计,jì,to calculate,让,壮,证,针,卡,许,社,钻,车,HSK2
许,xǔ,to permit,诈,评,空,侄,蛮,详,罕,诺,证,HSK2
队,duì,team,阶,认,份,吩,扮,盼,尬,从,价,HSK2
思,sī,consider,忠,总,志,患,息,忘,朗,职,舟,HSK2
色,sè,color,龟,包,疤,免,老,龙,异,巷,尤,HSK2
该,gāi,should,咳,核,刻,裂,亥,经,液,凌,络,HSK2
万,wàn,ten thousand,刀,方,力,历,尺,乃,厉,月,户,HSK2
取,qǔ,to take,收,敌,蚊,玫,攻,政,叹,改,故,HSK2
改,gǎi,to alter,政,玫,收,敌,攻,圾,坡,取,坟,HSK2
收,shōu,to receive,取,敌,改,政,攻,故,牧,仗,玫,HSK2
办,bàn,to manage,劝,苏,访,协,边,伤,刃,成,切,HSK2
近,jìn,near,返,迟,迈,达,边,折,迁,拆,诉,HSK2
广,guǎng,extensive,户,厂,尺,产,万,历,刀,尸,方,HSK2
青,qīng,green,胃,肯,害,辜,喜,董,事,普,星,HSK2
虽,suī,although,宝,萤,坦,革,宙,审,早,昔,幸,HSK2
推,tuī,to push,堆,摧,挫,捕,押,捅,搓,惟,播,HSK2
节,jié,festival,苛,吁,苦,刊,芒,扫,莹,帝,吊,HSK2
讲,jiǎng,to lecture,拌,牲,胜,性,挫,件,钳,伴,狂,HSK2
刻,kè,to carve,咳,核,该,裂,签,寂,锣,荡,续,HSK2
乐,yuè,music,亦,尔,杀,东,饪,法,芯,凉,乎,HSK2
普,pǔ,universal,曾,音,智,兽,晋,菩,首,章,碧,HSK2
久,jiǔ,long time,众,义,夕,父,仅,欠,仪,介,叉,HSK2
印,yìn,to print,诈,昂,即,订,讨,泊,卸,币,仰,HSK2
阳,yáng,positive,陌,阻,西,担,昭,岩,石,但,胆,HSK2
排,pái,row,押,措,描,封,捕,插,挫,挡,挂,HSK2
酒,jiǔ,alcohol,洒,诺,泪,诈,语,诸,请,暮,宿,HSK2
闻,wén,to hear,谱,帘,请,谓,室,惰,垦,蛮,耻,HSK2
讨,tǎo,to discuss,订,诗,付,谅,钉,诈,亲,许,东,HSK2
忽,hū,to neglect,忍,怨,愁,谈,您,悉,悠,恐,惑,HSK2
春,chūn,springtime,暮,眷,着,看,奢,替,售,署,督,HSK2
礼,lǐ,ceremony,化,祀,孔,花,扎,北,屹,忆,轧,HSK2
笔,bǐ,pen,绝,瓷,爸,绕,线,毙,孩,钱,紫,HSK2
阴,yīn,negative,限,陡,防,部,阱,那,附,荫,廊,HSK2
雪,xuě,snow,雷,冒,营,围,害,辈,崖,哥,青,HSK2
弄,nòng,to play with,尹,声,是,幸,韦,走,羊,开,寺,HSK2
亿,yì,one hundred million,忆,乞,乙,吃,艺,屹,礼,代,化,HSK2
灯,dēng,lamp,动,为,忧,访,列,伤,闪,张,烂,HSK2
秋,qiū,autumn,钦,砍,极,耿,秩,袄,揪,锹,软,HSK2
末,mò,last,未,朱,宋,束,来,木,本,呆,茉,HSK2
冬,dōng,winter,亥,疼,姿,多,终,洛,汉,条,凌,HSK2
爬,pá,to climb,扮,虎,扔,抓,勉,炮,虏,航,奶,HSK2
为,wèi,act,伪,伤,灯,优,穷,究,光,乃,讥,HSK2
以,yǐ,to use,改,议,坎,坟,似,浓,汰,沃,切,HSK2
可,kě,can,司,问,间,卫,同,盯,叮,呵,回,HSK2
自,zì,self,百,目,白,且,吉,首,昔,巨,直,HSK2
所,suǒ,place,斯,折,斥,近,仿,歼,肤,听,炉,HSK2
主,zhǔ,master,宝,丰,羊,玉,亩,辛,牛,生,宙,HSK2
由,yóu,up to,申,中,田,曲,丑,甘,且,甲,丰,HSK2
应,yīng,should,位,赔,立,层,症,焊,原,宏,赃,HSK2
头,tóu,head,买,实,尖,关,卖,夹,芥,安,类,HSK2
表,biǎo,surface,衷,隶,袁,装,丧,衰,哀,银,巷,HSK2
位,wèi,position,立,拉,应,惊,垃,惧,恨,烂,悄,HSK2
论,lùn,theory,抡,沧,伦,永,拎,轮,依,绘,冷,HSK2
平,píng,level,玉,半,干,工,王,当,晋,宝,牢,HSK2
更,gèng,more,吏,史,果,夏,束,便,麦,要,桌,HSK2
数,shù,number,教,拨,矮,效,被,敬,牧,救,援,HSK2
报,bào,report,敲,拼,服,狠,毁,好,按,挟,娘,HSK2
受,shòu,to accept,交,妥,委,皮,艾,授,采,发,役,HSK2
司,sī,to take charge of,同,可,固,间,问,宫,高,皇,堂,HSK2
眼,yǎn,eye,跟,明,胡,银,朗,朝,腊,畏,追,HSK2
且,qiě,moreover,目,白,百,自,吉,日,甘,古,亩,HSK2
交,jiāo,to mingle,发,受,咬,父,尖,胶,哎,役,处,HSK2
拉,lā,to pull,垃,掠,啦,位,挡,驻,惊,悲,悄,HSK2
清,qīng,pure,滑,淳,请,消,情,溃,泻,渴,涡,HSK2
言,yán,words,宣,宫,官,害,冒,信,喜,音,章,HSK2
算,suàn,to calculate,莓,管,每,窖,酱,墓,磨,幕,蓄,HSK2
轻,qīng,light,客,择,坚,容,竖,怪,笨,蓉,经,HSK2
参,cān,to participate,修,惨,渗,谬,掺,寥,诊,彥,疼,HSK2
划,huà,to divide,犹,拢,戒,扰,找,或,晓,城,捞,HSK2
态,tài,attitude,悉,袋,染,念,梁,忍,筷,涨,悠,HSK2
留,liú,to stay,脖,招,鸽,绍,铅,脾,盈,患,望,HSK2
举,jǔ,to lift up,奔,竖,登,差,笨,怪,客,卒,详,HSK2
千,qiān,thousand,手,任,舌,币,卡,乓,话,丢,乒,HSK2
船,chuán,ship,铅,脖,胎,鸽,舶,鸡,脾,腺,熄,HSK2
刚,gāng,just now,鸥,钢,纲,削,闹,驱,箭,网,制,HSK2
云,yún,cloud,至,尝,空,室,京,车,罕,去,侄,HSK2
句,jù,sentence,旬,甸,苟,的,旷,局,另,尼,乃,HSK2
角,jiǎo,horn,佣,龟,兔,钥,拥,免,争,对,鹿,HSK2
占,zhān,fortune,古,吉,百,日,白,旧,卓,上,昔,HSK2
份,fèn,portion,吩,盼,伤,分,价,扮,伙,伏,芬,HSK2
背,bèi,back,指,皆,导,肾,乖,捐,有,毙,脂,HSK2
永,yǒng,eternity,水,论,求,冰,沧,咏,衣,祭,依,HSK2
味,wèi,flavor,昧,咪,眯,谋,珠,抹,森,辣,宋,HSK2
温,wēn,temperature,湿,滑,浩,谓,踪,汪,评,罚,潭,HSK2
画,huà,drawing,凹,回,唱,国,哩,固,罩,皇,曰,HSK2
睛,jīng,eyeball,晴,瞎,啃,蕾,唱,喧,罪,南,暗,HSK2
健,jiàn,healthy,键,建,截,解,镰,镶,懈,魏,糠,HSK2
迎,yíng,to greet,过,还,退,辽,违,连,迷,述,迈,HSK2
努,nǔ,to toil,务,段,矮,挨,教,妖,殷,娇,敏,HSK2
套,tào,cover,窄,蛋,奈,眷,李,者,季,丢,穿,HSK2
挺,tǐng,to erect,蜓,艇,挨,揉,埃,毁,延,揍,拢,HSK2
晴,qíng,sunny,睛,南,唱,啃,喧,瞎,蕾,罩,暗,HSK2
喂,wèi,hello,碍,喝,谭,蝗,槁,噪,嗅,谓,晴,HSK2
其,qí,theirs,具,真,共,宾,县,乓,兵,填,典,HSK2
但,dàn,however,侣,石,岩,右,伯,告,借,柜,佳,HSK2
它,tā,it,尼,老,宅,尤,匕,艺,乞,吃,记,HSK2
使,shǐ,to use,仗,便,夜,梗,侠,枝,友,杖,度,HSK2
向,xiàng,orientation,尚,品,同,问,可,马,司,凸,间,HSK2
或,huò,or,戒,庞,战,咸,域,钥,成,划,苏,HSK2
信,xìn,faith,言,停,伺,享,仁,语,谊,倍,害,HSK2
度,dù,degrees,虔,瘦,侯,使,复,夏,便,庆,圣,HSK2
海,hǎi,sea,湾,缚,综,溜,谤,颈,缩,侮,磅,HSK2
通,tōng,to communicate,遇,莲,遛,蜜,诵,遵,遏,违,递,HSK2
变,biàn,to change,类,突,奕,买,菜,安,实,婪,度,HSK2
安,ān,peaceful,妄,实,买,这,圣,姜,变,丧,衷,HSK2
接,jiē,to welcome,择,按,揍,搂,轰,猪,拼,葵,姜,HSK2
市,shì,market,审,巾,寺,再,吁,于,书,韦,时,HSK2
直,zhí,straight,昔,宜,首,自,置,百,且,草,盲,HSK2
克,kè,to overcome,完,党,兑,竞,兄,晃,另,无,元,HSK2
便,biàn,convenient,使,梗,集,果,更,假,兼,度,坚,HSK2
科,kē,academic discipline,料,利,稍,榨,秤,淋,粹,译,纤,HSK2
观,guān,to observe,规,鸡,豌,就,碗,锐,窥,惋,舰,HSK2
让,ràng,to yield,证,计,订,谊,忙,壮,针,当,诈,HSK2
运,yùn,to carry,退,连,逗,造,遗,宏,送,违,尝,HSK2
往,wǎng,toward,住,征,待,话,许,洁,伴,注,汪,HSK2
英,yīng,England,芙,茉,映,夫,夹,荣,央,哭,挟,HSK2
单,dān,list,卑,审,革,啤,窜,羊,宙,甫,鱼,HSK2
复,fù,to return,夏,侵,度,爱,集,委,轰,葵,衷,HSK2
装,zhuāng,attire,衷,表,隶,衰,袁,银,淇,缉,录,HSK2
护,hù,to protect,折,扩,拆,捉,崭,据,拐,提,坊,HSK2
音,yīn,sound,普,章,首,智,菩,晋,吾,官,宰,HSK2
段,duàn,section,设,毁,殷,菠,敦,援,娇,敢,股,HSK2
故,gù,deliberately,敌,玫,技,收,坡,友,拔,鼓,蚊,HSK2
河,hé,river,污,洞,汀,讨,凉,滑,江,订,淳,HSK2
低,dī,low,抵,底,质,侦,饪,纸,歼,很,诉,HSK2
助,zhù,to assist,功,坊,屁,动,苟,鹿,历,胀,疤,HSK2
育,yù,education,苔,皆,畜,肾,有,督,者,套,垦,HSK2
般,bān,sort,殷,股,毁,艘,服,敏,散,殴,殿,HSK2
急,jí,anxious,意,怠,惠,惹,驾,悬,等,筹,预,HSK2
层,céng,story,厚,犀,扇,屋,屑,唇,原,晨,厨,HSK2
卡,kǎ,card,车,计,壮,扛,寺,辛,宇,主,丰,HSK2
静,jìng,quiet,鹤,辖,嘴,摘,铺,帮,藤,膊,攘,HSK2
草,cǎo,grass,卓,旱,昔,苦,早,辜,莹,罩,宜,HSK2
鱼,yú,fish,笛,年,单,窑,竿,牢,昨,窜,啤,HSK2
康,kāng,health,展,隶,虔,衷,轰,葵,奏,猪,腹,HSK2
板,bǎn,board,饭,扳,彼,枚,极,权,版,被,枝,HSK2
庭,tíng,courtyard,庞,额,第,超,菊,屡,冤,越,隆,HSK2
油,yóu,oil,汪,沽,汗,沮,沾,泄,注,浊,泊,HSK2
词,cí,word,洞,饲,请,谅,哼,罚,谓,涧,订,HSK2
园,yuán,park,圆,高,团,围,宫,些,章,富,曾,HSK2
姓,xìng,surname,娃,奸,菇,姑,牲,妇,狂,挫,胜,HSK2
咱,zán,we,担,拒,咕,距,晤,咀,暗,非,昔,HSK2
狗,gǒu,dog,猿,狩,犹,钓,猴,猾,猪,狈,奶,HSK2
腿,tuǐ,leg,遛,遗,躺,递,糙,馈,澳,遇,腺,HSK2
碰,pèng,to bump,粒,滥,硕,继,粽,龄,脑,榴,碳,HSK2
吹,chuī,to blow,砍,坎,殃,歌,伙,欢,欣,秋,欺,HSK2
租,zū,to rent,相,粗,和,程,祖,柱,柜,柏,棺,HSK2
猫,māo,cat,猎,狸,独,猜,猩,狂,猖,猛,猪,HSK2
瓶,píng,bottle,琉,鹅,跪,规,疏,撼,饿,轨,搬,HSK2
澡,zǎo,bath,藻,躁,漠,噪,臊,渣,燥,睬,操,HSK2
然,rán,so,燃,泼,烈,竣,淡,谈,痰,怒,悠,HSK2
成,chéng,to turn into,咸,戒,劝,族,凤,庞,或,犹,威,HSK2
法,fǎ,method,注,滨,淇,洪,沛,消,浦,浊,治,HSK2
部,bù,part,郭,陪,廊,郁,郎,都,邦,耶,邪,HSK2
意,yì,idea,惠,息,悬,驾,急,辱,等,惹,恩,HSK2
情,qíng,feeling,惰,请,憎,事,惜,青,掌,悟,望,HSK2
物,wù,thing,吻,扬,杨,肠,绒,畅,膨,锡,砌,HSK2
合,hé,to fit,舍,全,含,金,杏,恰,会,命,盒,HSK2
提,tí,to bring up,捉,堤,拐,损,护,摸,抚,据,摆,HSK2
件,jiàn,piece,伴,佯,性,仲,住,坐,柱,枉,伸,HSK2
求,qiú,to request,奈,录,隶,泉,余,哀,浪,岔,茶,HSK2
共,gòng,together,典,其,拄,井,拱,兵,乓,书,去,HSK2
带,dài,sash,蒂,常,掉,节,帝,峙,捍,啃,莹,HSK2
示,shì,to show,宗,京,尘,守,行,冈,汇,闭,门,HSK2
照,zhào,to illuminate,熙,燕,期,羔,点,蹬,黑,驻,煮,HSK2
称,chēng,name,秘,锹,揪,松,漱,你,弥,钦,溉,HSK2
查,chá,to investigate,杏,否,歪,某,桌,李,栗,奇,香,HSK2
随,suí,to let,邀,陈,隐,颖,遛,锁,陷,瓶,糙,HSK2
红,hóng,red,坛,绰,绅,结,茫,诬,纤,诺,宏,HSK2
响,xiǎng,echo,晌,啃,桐,呵,哼,喝,喂,吗,砸,HSK2
食,shí,food,会,令,余,含,谷,矛,衣,今,茶,HSK2
啊,ā,aah,陋,赠,鸭,卿,硕,顿,啼,喻,阿,HSK2
亮,liàng,shiny,壳,旁,完,宪,竞,党,竟,乌,号,HSK2
掉,diào,to drop,捏,扯,捍,草,扣,扛,措,描,悼,HSK2
楚,chǔ,clear,菊,禁,婪,谍,探,犁,辣,森,模,HSK2
封,fēng,to seal,挂,拌,挡,措,挫,特,排,描,捏,HSK2
湖,hú,lake,湘,潮,滴,溃,滞,栋,海,砖,淌,HSK2
旅,lǚ,to travel,旋,妨,脉,纺,旗,殷,族,劝,涨,HSK2
借,jiè,to borrow,倡,值,宿,佳,估,但,伯,在,昼,HSK2
篇,piān,piece of writing,筛,膊,偏,扁,慌,虚,鹰,魔,顽,HSK2
遍,biàn,everywhere,遏,遇,惯,遛,通,遗,遵,篇,损,HSK2
典,diǎn,canon,共,其,具,兵,黄,舆,填,宾,乓,HSK2
街,jiē,street,待,碌,销,锅,荷,绰,橱,莉,谋,HSK2
夏,xià,summer,复,麦,更,曼,轰,度,姜,妻,宴,HSK2
哭,kū,to cry,夹,架,关,芙,天,英,夫,男,吴,HSK2
晨,chén,morning,唇,层,厚,辰,寝,易,辱,房,扇,HSK2
饺,jiǎo,dumpling,铰,绞,跤,较,馁,胶,校,俊,狡,HSK2
经,jīng,to pass through,径,给,缤,裂,绘,轻,纤,该,绊,HSK2
定,dìng,to set,足,走,是,促,桌,莫,吴,畏,束,HSK2
理,lǐ,logic,埋,革,萤,审,挂,钳,啤,单,崔,HSK2
实,shí,reality,买,卖,头,安,突,奕,贤,芳,类,HSK2
者,zhě,one who,著,暮,垦,堵,奢,暑,吞,春,室,HSK2
活,huó,to live,汗,沽,话,洁,油,汪,注,沾,沛,HSK2
结,jié,to tie,组,培,细,绢,浩,绅,红,绰,洁,HSK2
空,kōng,empty,罕,至,室,许,车,侄,云,谊,牢,HSK2
像,xiàng,to resemble,橡,稼,象,豫,俊,嫁,家,慷,绎,HSK2
完,wán,to finish,竞,元,克,党,壳,亮,宪,兑,晃,HSK2
确,què,authentic,嘴,解,瀚,赖,懈,镯,摊,糊,礁,HSK2
组,zǔ,group,结,细,祖,绢,沮,朗,眼,胖,浩,HSK2
流,liú,to flow,统,滤,溅,疏,游,硫,您,缆,琉,HSK2
际,jì,border,陨,预,邪,陈,悲,恶,粽,廊,标,HSK2
须,xū,to have to,烦,涉,袋,领,咏,涨,颈,频,冷,HSK2
周,zhōu,week,局,唐,属,屑,层,剧,席,庸,库,HSK2
黑,hēi,black,熏,羔,嘿,膛,腥,蔗,照,点,腊,HSK2
够,gòu,enough,哆,侈,移,梦,锣,浆,多,肠,煲,HSK2
例,lì,example,列,裤,惭,祷,愧,衔,既,俯,咧,HSK2
黄,huáng,yellow,寅,宾,真,填,具,其,埋,典,专,HSK2
脸,liǎn,face,险,捡,俭,验,族,敏,致,腺,散,HSK2
怕,pà,to dread,柏,估,钻,壮,伯,在,惜,扫,肚,HSK2
适,shì,suitable,道,造,迫,追,退,逞,连,迪,话,HSK2
夜,yè,night,使,枝,友,攻,侠,仗,核,玫,肢,HSK2
省,shěng,to economize,香,看,督,肾,皆,窄,昏,育,有,HSK2
停,tíng,to halt,伺,何,信,亭,堡,请,哼,磊,词,HSK2
游,yóu,to swim,诱,钩,漾,淀,弥,溜,冻,蒸,沏,HSK2
检,jiǎn,to examine,俭,栓,袜,险,榆,捡,探,橙,麻,HSK2
银,yín,silver,钥,跟,衷,袁,很,浪,恨,艰,碌,HSK2
养,yǎng,to raise,界,美,唉,券,奕,案,秦,突,类,HSK2
脚,jiǎo,foot,卿,谢,柳,愧,蝴,胸,槐,剃,御,HSK2
换,huàn,to exchange,挨,挽,投,焕,埃,挟,扮,唤,殃,HSK2
短,duǎn,short,矩,知,辟,腔,悟,牌,腊,座,厢,HSK2
顺,shùn,smooth,顽,厕,顾,侧,烦,颊,勋,赎,账,HSK2
卖,mài,to sell,实,买,芽,莫,妄,旁,茎,芳,竖,HSK2
纸,zhǐ,paper,抵,低,纺,劲,幼,城,旅,纤,逃,HSK2
蓝,lán,blue,型,苹,窑,牢,菩,南,竿,凿,醒,HSK2
墙,qiáng,wall,搞,培,擅,苛,碧,增,萤,营,哥,HSK2
宜,yí,suitable,昔,直,首,官,宫,草,百,吾,卓,HSK2
辆,liàng,vehicle,搁,祷,藤,棒,摧,铸,摊,桶,锅,HSK2
骑,qí,to ride,鸽,脖,竭,悲,跨,韵,垮,挎,鸦,HSK2
脏,zàng,internal organs,舶,胜,赃,胡,肿,脾,胖,朗,腔,HSK2
椅,yǐ,chair,荷,榨,桶,畸,梅,倚,梯,崎,诺,HSK2
疼,téng,to hurt,凌,该,咳,液,渡,凄,络,奏,浸,HSK2
饱,bǎo,sated,袍,抱,跑,胞,泡,拘,炮,弥,刨,HSK2
篮,lán,basket,盛,箭,德,榴,嗦,惩,额,谎,筛,HSK2
特,tè,special,持,诗,错,待,荷,拌,钟,牲,押,HSK2
量,liàng,quantity,皇,呈,国,童,章,旱,靠,罩,堂,HSK2
级,jí,rank,叛,绞,被,缓,缎,敛,饭,绒,竣,HSK2
离,lí,to leave,璃,商,圈,筐,阅,挥,帘,窖,磊,HSK2
满,mǎn,full,灌,涛,津,潘,锅,涡,瀑,裙,滴,HSK2
选,xuǎn,to choose,远,逸,迈,遗,送,迭,染,洗,边,HSK2
倒,dǎo,to topple,傅,到,橱,饲,储,垮,侮,褐,街,HSK2
靠,kào,to lean on,辜,旱,章,罩,莹,量,皇,卓,呈,HSK2
座,zuò,seat,竿,每,牢,坐,窑,库,盘,短,庙,HSK2
顾,gù,to look back,顽,厕,愿,财,烦,倾,赠,赐,顺,HSK2
钟,zhōng,bell,针,错,神,袖,绅,虾,坤,特,轩,HSK2
堂,táng,hall,皇,兽,国,宫,章,呈,高,罩,晋,HSK2
嘴,zuǐ,mouth,确,鹤,镯,蟹,静,翻,麟,穗,解,HSK2
绿,lǜ,green,敦,续,绽,跤,墩,凌,练,铰,绣,HSK2
惯,guàn,accustomed,愤,愣,馈,债,愧,贯,预,硕,赛,HSK2
舒,shū,to relax,野,诵,僚,抒,俺,桶,椅,瑰,通,HSK2
漂,piāo,to float,溃,薄,润,滴,粽,浑,滞,鲸,溜,HSK2
凉,liáng,cool,惊,谅,滨,掠,消,泣,冯,混,冻,HSK2
鞋,xié,shoes,韩,睦,蛙,瞄,哇,耕,薛,蝗,哩,HSK2
筷,kuài,chopsticks,笼,秩,袋,族,矫,桥,唉,粉,秧,HSK2
原,yuán,original,京,层,祟,扇,崇,厚,宗,席,屑,HSK2
题,tí,topic,惠,超,赔,恩,驾,虚,堕,侮,竭,HSK2
感,gǎn,to feel,惑,簇,裁,戚,葱,撼,熟,贼,热,HSK2
药,yào,medicine,筝,荡,钩,钓,纬,练,烤,扬,绽,HSK2
室,shì,room,至,空,垦,罕,窖,窑,享,谊,侄,HSK2
超,chāo,super,起,趋,越,摸,题,庭,垫,募,寇,HSK2
铁,tiě,iron,跌,秩,殃,诀,秧,联,欺,决,埃,HSK2
练,liàn,to practice,炼,钩,涛,冻,绿,综,缔,烤,涕,HSK2
熟,shú,ripe,热,熬,感,谈,愁,葱,惑,溅,激,HSK2
喊,hǎn,to yell,减,咙,砌,卿,诚,御,诫,械,咧,HSK2
绩,jì,accomplishment,瑟,绽,续,漾,羡,款,颖,湾,资,HSK2
越,yuè,to pass,超,戚,庭,趟,翅,辨,庞,题,菊,HSK2
愿,yuàn,to wish,顽,顾,虚,愚,惠,惩,题,竭,赠,HSK2
餐,cān,meal,凄,绎,锋,铭,逢,瑟,斜,紧,该,HSK2
颜,yán,countenance,频,颇,赐,绩,朦,煽,绸,赡,梁,HSK2
碗,wǎn,bowl,豌,惋,腕,就,观,锐,闷,规,搅,HSK2
懂,dǒng,to understand,惰,撞,磕,惜,僧,博,碑,悍,牌,HSK2
世,shì,generation,吐,叶,臣,击,旺,出,苗,岳,廿,HSK3
母,mǔ,mother,每,盘,莓,窑,牵,县,窒,牢,弃,HSK3
双,shuāng,pair,奴,驭,效,及,叹,牧,放,取,饭,HSK3
父,fù,father,义,仪,久,交,汉,众,反,文,发,HSK3
止,zhǐ,to stop,山,正,上,士,卓,占,土,叶,出,HSK3
木,mù,tree,术,未,末,宋,朱,本,休,床,禾,HSK3
互,hù,mutual,百,自,旦,亩,告,白,巨,吉,日,HSK3
厂,chǎng,factory,尸,广,严,厅,召,产,丹,库,尺,HSK3
齐,qí,neat,乔,挤,芥,矣,芬,类,葵,这,朵,HSK3
刀,dāo,sword,万,力,乃,方,几,历,刃,九,凡,HSK3
丰,fēng,plentiful,土,主,十,苗,牛,羊,再,士,申,HSK3
把,bǎ,to grasp,抚,肥,拇,抱,持,拐,地,配,蛇,HSK3
代,dài,substitute,伐,优,化,仿,允,龙,分,份,亿,HSK3
内,nèi,within,丙,肉,闪,冈,佑,舟,岗,如,凶,HSK3
化,huà,to transform,礼,花,优,仔,北,疗,伐,忧,代,HSK3
任,rèn,to appoint,千,住,仲,什,伴,伸,升,估,手,HSK3
立,lì,to stand,位,忙,业,宗,京,兰,冥,垃,六,HSK3
义,yì,justice,父,叉,仪,久,文,又,汉,议,夕,HSK3
建,jiàn,to build,健,揍,载,截,敷,搂,键,庭,裁,HSK3
区,qū,region,冈,卤,因,囱,凶,岗,医,团,半,HSK3
达,dá,to attain,这,迭,送,迟,近,边,妆,述,迈,HSK3
式,shì,style,武,拭,功,巧,试,苟,民,玩,迅,HSK3
品,pǐn,goods,吊,吕,晶,吾,可,豆,向,凸,咕,HSK3
类,lèi,kind,关,夹,奕,突,矣,美,变,尖,案,HSK3
切,qiē,to cut,功,坊,访,助,办,动,劲,边,劝,HSK3
争,zhēng,to contend,等,蛋,华,荐,诺,苟,笛,拾,李,HSK3
济,jì,to aid,浇,泽,凌,浅,没,涤,铰,涂,液,HSK3
存,cún,to exist,荐,仔,字,有,华,花,茅,毕,学,HSK3
台,tái,platform,苔,怡,冶,否,云,育,倍,县,者,HSK3
团,tuán,group,困,因,当,否,卤,岩,医,歪,恒,HSK3
集,jí,to gather,渠,架,便,兼,秉,案,秦,侯,果,HSK3
需,xū,to need,儒,闹,蒂,筐,辈,围,雷,霍,雪,HSK3
功,gōng,achievement,助,坊,切,劳,动,劲,拐,式,坑,HSK3
易,yì,easy,寡,惕,剔,募,病,晨,锡,履,寝,HSK3
显,xiǎn,obvious,壶,曾,晋,芒,宝,罩,兽,堂,章,HSK3
李,lǐ,plum,季,查,夸,茎,香,穿,字,垄,孕,HSK3
历,lì,to experience,厉,万,加,叨,方,刃,力,功,乃,HSK3
另,lìng,another,男,召,克,兄,丹,吴,完,号,兑,HSK3
仅,jǐn,merely,仗,叹,仪,权,又,反,文,处,友,HSK3
志,zhì,aspiration,忠,忘,总,悲,亲,宏,思,芽,控,HSK3
采,cǎi,to pick,菜,桨,妥,秀,杰,受,梁,俭,依,HSK3
仍,réng,still,乃,仿,伪,仇,扔,伤,优,分,力,HSK3
否,fǒu,to negate,查,杏,团,歪,音,医,右,下,召,HSK3
血,xuè,blood,面,丑,宙,咀,而,亩,世,叶,苗,HSK3
初,chū,beginning,伤,杨,伪,肠,砌,协,诚,办,视,HSK3
卫,wèi,to defend,于,巾,可,叮,节,盯,玉,吊,王,HSK3
环,huán,ring,坏,杯,仔,塔,虾,补,怀,社,珠,HSK3
村,cūn,village,材,衬,朽,付,柱,梢,社,桩,柄,HSK3
配,pèi,to distribute,招,捐,拇,乱,醇,玩,酝,昆,苟,HSK3
香,xiāng,fragrant,李,渠,查,季,杏,某,看,茎,衰,HSK3
艺,yì,art,乞,吃,孕,亿,芳,忆,劳,异,老,HSK3
杂,zá,miscellaneous,忘,亲,挖,究,宠,射,茅,总,穷,HSK3
困,kùn,trapped,团,因,柜,匿,平,菌,医,卤,岩,HSK3
旧,jiù,old,日,曰,白,正,百,臣,占,吉,古,HSK3
补,bǔ,to patch,朴,杯,怀,环,扑,仆,坏,社,衬,HSK3
材,cái,material,村,杯,林,麻,标,朽,桩,衬,栓,HSK3
抓,zhuā,to grab,扒,折,扮,爬,拆,爪,孤,瓜,扩,HSK3
训,xùn,instruction,州,灿,诉,付,焊,位,怀,恨,师,HSK3
迷,mí,lost,述,速,送,连,违,还,迭,运,迎,HSK3
订,dìng,to order,钉,讨,让,词,计,亨,京,行,何,HSK3
巧,qiǎo,skillful,亏,毕,号,苟,丐,子,打,丹,书,HSK3
羊,yáng,sheep,辛,主,丰,宰,宝,幸,寺,半,审,HSK3
衫,shān,shirt,杉,侈,多,彩,形,哆,移,修,灸,HSK3
啡,fēi,coffee,暗,睹,腊,诽,菲,睦,晤,睛,惶,HSK3
咖,kā,coffee,啸,顿,咧,嘲,赠,嘱,唠,崛,哗,HSK3
衬,chèn,lining,村,待,材,讨,付,符,行,利,梯,HSK3
汁,zhī,juice,汗,江,汪,注,沾,沛,油,活,沽,HSK3
民,mín,people,氓,声,月,昆,尹,昏,电,弄,屯,HSK3
此,cǐ,this,北,比,批,扎,孔,蛇,花,拧,轧,HSK3
并,bìng,to combine,井,走,尹,开,升,羊,奸,辛,年,HSK3
美,měi,beautiful,养,夷,类,芙,界,秉,夹,关,集,HSK3
产,chǎn,products,严,丹,库,旁,序,芳,广,卒,召,HSK3
及,jí,to reach,皮,友,仪,肢,叹,发,放,仗,艾,HSK3
各,gè,each,备,名,谷,客,衷,奋,夜,会,合,HSK3
神,shén,god,种,袖,柿,钟,社,禅,样,棋,榨,HSK3
总,zǒng,overall,忘,思,志,忠,恶,息,悲,杂,宏,HSK3
反,fǎn,opposite,皮,文,仅,艾,丈,又,支,及,友,HSK3
形,xíng,shape,杉,哎,夜,攻,衫,采,秒,笑,桨,HSK3
强,qiáng,strong,弹,腊,躬,萌,暗,搞,驻,剖,晾,HSK3
张,zhāng,to stretch,胀,涨,屁,柴,动,苏,房,府,泉,HSK3
术,shù,art,木,宋,朱,未,末,本,禾,才,休,HSK3
导,dǎo,to guide,异,背,指,皂,巷,拧,挖,老,有,HSK3
根,gēn,root,梢,很,棋,恨,桩,麻,析,稍,珠,HSK3
每,měi,every,莓,盘,母,座,酱,算,弈,窑,竿,HSK3
亲,qīn,relative,宗,尝,京,谅,宏,帘,志,崇,掠,HSK3
议,yì,to discuss,汉,仪,纹,波,牧,玫,处,蚁,发,HSK3
夫,fū,husband,天,央,失,矢,关,夹,犬,大,芙,HSK3
始,shǐ,to start,殆,好,妒,胎,赂,婚,冶,抬,如,HSK3
连,lián,one after another,违,送,莲,进,运,速,道,退,适,HSK3
华,huá,China,毕,花,仔,控,荐,存,弃,社,争,HSK3
石,shí,stone,右,但,岩,告,西,侣,午,日,百,HSK3
断,duàn,to break,斩,新,探,裤,析,橱,祈,龄,崭,HSK3
精,jīng,essence,榴,犁,橘,碍,稿,棉,惰,阀,档,HSK3
支,zhī,branch,友,艾,丈,皮,文,史,仗,肢,女,HSK3
农,nóng,agriculture,衣,依,水,表,攻,坟,茶,禾,衷,HSK3
谈,tán,to discuss,淡,愁,烫,激,缝,膨,炎,涤,竣,HSK3
专,zhuān,special,宾,传,亲,窄,县,舆,尝,车,字,HSK3
尽,jìn,to exhaust,斥,头,买,匀,实,所,贝,质,方,HSK3
古,gǔ,ancient,占,吉,白,百,旧,甘,日,告,土,HSK3
众,zhòng,crowd,久,欠,父,仪,从,火,介,纹,炊,HSK3
土,tǔ,soil,士,十,王,干,丰,廿,工,正,甘,HSK3
某,mǒu,certain,桌,茉,荣,束,栗,柬,呆,查,果,HSK3
足,zú,lower leg,定,是,走,桌,促,居,店,届,矩,HSK3
派,pài,faction,泳,讼,泌,汰,次,浓,淤,冰,饮,HSK3
批,pī,to criticize,拧,抑,扰,吼,耽,地,蛇,此,扎,HSK3
围,wéi,to surround,南,匿,闺,国,兽,辈,高,善,辜,HSK3
职,zhí,job,忠,帜,哄,识,积,思,织,脏,朗,HSK3
伤,shāng,wound,伪,仿,份,初,傍,优,为,访,族,HSK3
范,fàn,model,扼,纪,乖,记,持,讨,诧,拷,打,HSK3
简,jiǎn,simple,涧,筒,商,蔼,蜜,闯,惰,磕,阎,HSK3
退,tuì,to retreat,逗,适,运,连,逞,道,蛋,过,袁,HSK3
积,jī,to accumulate,职,眯,织,棋,咪,帜,标,根,碌,HSK3
敢,gǎn,to dare,敌,玫,胳,段,玻,牧,取,妓,政,HSK3
付,fù,to pay,何,侍,讨,仔,行,订,村,寸,衬,HSK3
危,wēi,danger,厄,疮,凭,包,炮,舱,为,宛,创,HSK3
架,jià,shelf,来,荣,柬,果,宋,栗,哭,茉,渠,HSK3
录,lù,to record,隶,衰,茅,哀,季,求,泉,裳,考,HSK3
乡,xiāng,countryside,公,么,乏,矣,务,亥,贫,委,令,HSK3
烟,yān,smoke,炬,姻,焊,矩,厢,胚,恼,知,洒,HSK3
束,shù,bundle,呆,柬,果,茉,末,栗,荣,桌,来,HSK3
戏,xì,drama,娥,绒,我,找,劝,欢,划,赵,烧,HSK3
伟,wěi,great,佯,伴,侍,伸,件,住,讳,拓,布,HSK3
彩,cǎi,color,移,衫,彭,峻,灸,影,悠,竣,彰,HSK3
庆,qìng,to celebrate,厌,夹,失,犬,矢,大,关,床,肤,HSK3
箱,xiāng,box,碎,秤,诸,诺,梅,粹,祥,禅,椅,HSK3
汤,tāng,soup,泳,浮,沏,钧,沟,涤,泌,涉,约,HSK3
蕉,jiāo,banana,煮,焦,淇,蒸,泰,淀,缤,羔,渔,HSK3
种,zhǒng,species,柿,神,横,钟,棵,桩,和,秤,袖,HSK3
将,jiàng,General,蒋,径,待,装,求,祭,奈,经,衬,HSK3
何,hé,what,伺,付,行,侍,停,仔,订,钉,荷,HSK3
金,jīn,gold,全,舍,命,合,会,朱,含,伞,盒,HSK3
指,zhǐ,finger,背,皆,脂,抬,捐,持,导,毕,巷,HSK3
保,bǎo,to protect,休,体,宋,床,杯,根,朱,伊,麻,HSK3
社,shè,society,柱,伴,杠,枉,杜,壮,住,在,计,HSK3
决,jué,to decide,诀,快,跌,铁,沫,状,挟,殃,块,HSK3
光,guāng,ray,先,恍,尤,丸,况,兑,党,为,元,HSK3
设,shè,to establish,段,役,投,葵,授,股,挨,毁,没,HSK3
程,chéng,procedure,框,课,租,样,粘,棺,秤,桂,稿,HSK3
格,gé,pattern,棱,胳,楼,路,略,释,核,铭,备,HSK3
望,wàng,to expect,塑,辈,垦,碧,署,暂,请,事,墓,HSK3
传,chuán,to pass on,专,砖,烂,诸,倚,存,偿,傅,洒,HSK3
极,jí,extreme,被,枚,校,板,吸,秋,圾,核,秩,HSK3
证,zhèng,evidence,谊,让,计,当,语,怔,耻,评,空,HSK3
失,shī,to lose,矢,犬,夫,关,夹,央,天,大,庆,HSK3
转,zhuǎn,to turn,绪,捧,诸,粹,拣,储,轻,跨,择,HSK3
布,bù,cloth,拓,在,市,帝,伴,社,控,时,帘,HSK3
具,jù,tool,真,其,宾,县,乓,乒,兵,卡,黄,HSK3
况,kuàng,situation,坑,恍,抗,说,光,沿,党,汛,兜,HSK3
技,jì,skill,拔,玫,枝,歧,肢,坡,故,玻,披,HSK3
似,sì,similar,松,拟,秒,秋,你,讼,炫,袱,狱,HSK3
消,xiāo,to disappear,沪,淌,滨,滑,注,清,凉,法,沼,HSK3
曾,céng,former,兽,晋,普,智,章,胃,昌,曹,官,HSK3
较,jiào,to compare,铰,跤,拨,饺,轿,教,墩,绞,致,HSK3
注,zhù,to pour,汪,汗,浊,油,洪,法,汁,江,淇,HSK3
武,wǔ,military,式,氓,讯,拭,玩,宪,眠,项,迅,HSK3
责,zé,responsibility,贵,贡,员,页,贾,赏,贺,赁,卖,HSK3
营,yíng,camp,富,喜,辜,高,宫,兽,嘻,哥,莹,HSK3
防,fáng,to guard against,阴,那,访,陡,舵,犹,廊,兜,航,HSK3
效,xiào,effect,牧,数,妓,奴,拨,被,发,狡,泼,HSK3
属,shǔ,to belong to,庸,屑,虐,扁,唐,扇,席,厚,唇,HSK3
速,sù,quick,述,违,谋,连,迷,道,迪,莲,迭,HSK3
状,zhuàng,form,伏,侠,快,诀,夹,床,肤,决,朱,HSK3
苦,kǔ,bitter,莹,芒,草,卓,昔,幸,苗,苛,吐,HSK3
创,chuàng,to create,呛,抢,舱,扰,杭,扼,视,他,卵,HSK3
充,chōng,sufficient,究,穷,杂,挖,弦,兜,夺,芬,矣,HSK3
负,fù,to carry on the back,货,贤,贷,贫,侦,贪,龙,花,贺,HSK3
龙,lóng,dragon,芬,伐,矣,宠,尤,葵,劲,朵,免,HSK3
修,xiū,to repair,参,惨,掺,趁,移,诊,侈,珍,谬,HSK3
胜,shèng,victory,胖,辟,牲,钳,讲,脏,肚,赶,舶,HSK3
追,zhuī,to chase,迫,造,逞,道,逼,逗,适,寺,迪,HSK3
概,gài,approximate,慨,溉,德,糊,械,憾,稳,梳,既,HSK3
评,píng,to criticize,许,蛮,讳,证,诗,帘,谅,茫,谊,HSK3
丽,lì,beautiful,前,闹,箭,宗,削,些,闭,帘,悲,HSK3
升,shēng,to rise,井,任,并,走,芹,末,本,住,仲,HSK3
婚,hūn,marriage,婿,姆,媳,娘,好,姥,始,媲,猪,HSK3
姑,gū,paternal aunt,奸,菇,姓,娃,姐,拍,括,抽,妇,HSK3
础,chǔ,foundation,拙,瞄,呻,畔,砸,啃,哄,碍,缸,HSK3
访,fǎng,to visit,仿,动,坊,伤,切,办,屁,胀,灯,HSK3
麻,má,hemp,株,琳,棵,林,栓,析,材,桩,杯,HSK3
拍,pāi,to pat,抽,拒,担,括,拄,捏,措,市,姑,HSK3
币,bì,currency,手,千,话,市,活,刮,书,舌,泪,HSK3
冒,mào,to risk,盲,宣,言,富,昌,青,官,胃,宫,HSK3
媒,méi,matchmaker,妹,煤,皱,姊,娘,联,姓,婿,摄,HSK3
祝,zhù,to wish well,视,杭,说,邪,就,觉,税,愣,咙,HSK3
邮,yóu,post,邦,陆,耶,鄙,部,郎,盹,邪,肿,HSK3
裤,kù,trousers,傅,祸,侮,禅,阀,例,褐,梅,祷,HSK3
苹,píng,apple,幸,莹,菩,牢,窑,蓝,竿,芒,牛,HSK3
泳,yǒng,to swim,泌,冰,汤,淤,浮,讼,咏,涂,沟,HSK3
员,yuán,member,贡,贵,页,责,贾,赏,贞,项,号,HSK3
至,zhì,until,空,罕,室,云,车,侄,牢,窑,歪,HSK3
展,zhǎn,to unfold,康,鹿,辰,锯,屏,履,虔,衷,尿,HSK3
界,jiè,world,养,哭,男,美,类,奔,夹,果,乔,HSK3
象,xiàng,elephant,家,像,橡,奏,姿,豫,务,缘,嫁,HSK3
据,jù,evidence,拥,护,握,崭,掘,提,捉,堤,锯,HSK3
死,sǐ,death,列,尿,泉,求,张,宛,殆,访,伤,HSK3
联,lián,to unite,跌,挟,葵,廷,峡,铁,埃,毁,秧,HSK3
深,shēn,deep,溢,沫,浑,渣,睬,裸,溜,橙,湘,HSK3
价,jià,price,伏,侨,份,介,侠,芥,仗,乔,袱,HSK3
器,qì,utensil,窜,睹,磊,窑,卑,暗,智,署,商,HSK3
念,niàn,to miss,贫,态,冷,翁,贪,悉,拎,沧,绘,HSK3
首,shǒu,head,官,晋,昔,自,百,音,宜,章,普,HSK3
落,luò,to fall,溶,潜,接,澄,铭,路,斜,泰,咨,HSK3
势,shì,force,晓,契,凳,捞,筑,窥,挽,挠,冤,HSK3
希,xī,to hope,茅,诵,争,举,择,客,番,隶,轻,HSK3
章,zhāng,chapter,童,旱,靠,皇,晋,呈,宫,量,官,HSK3
底,dǐ,bottom,屁,鹿,质,张,低,廊,钥,访,庞,HSK3
奇,qí,strange,寄,牵,查,召,医,倚,否,号,音,HSK3
按,àn,to press,接,技,拼,挟,歧,拔,拽,坡,扶,HSK3
害,hài,to harm,善,兽,青,宫,董,喜,辜,官,普,HSK3
纪,jì,era,绍,弦,范,窃,韵,诧,祀,勾,说,HSK3
朝,cháo,dynasty,萌,胡,腊,腥,哨,肺,弹,眼,碍,HSK3
值,zhí,value,借,倡,宿,植,盾,售,伯,昼,直,HSK3
福,fú,happiness,磊,谓,碧,辐,谱,僧,商,请,幕,HSK3
判,pàn,to judge,钙,焊,别,宠,府,弹,吭,宪,掠,HSK3
皮,pí,skin,友,肢,及,支,艾,丈,攻,叹,反,HSK3
坚,jiān,firm,竖,最,茉,果,某,圣,轻,芽,拾,HSK3
善,shàn,virtuous,害,普,兽,章,窖,曾,南,碧,宰,HSK3
压,yā,pressure,庄,玉,店,归,岩,佳,岸,库,宝,HSK3
优,yōu,excellent,忧,仇,伪,仿,伤,扰,侦,伏,恍,HSK3
散,sàn,to disperse,敏,敬,破,腹,致,蚊,玫,敌,叔,HSK3
娘,niáng,mom,妒,好,姊,媒,狼,婚,婿,狠,媚,HSK3
恐,kǒng,to fear,忍,怨,锐,统,饶,跳,烧,悉,施,HSK3
剧,jù,drama,腊,席,搞,朝,割,剖,膛,峙,煌,HSK3
跳,tiào,to jump,挑,姚,桃,恐,逃,拟,城,烧,跪,HSK3
浪,làng,wave,银,很,淇,沪,哀,狠,痕,袁,狼,HSK3
挂,guà,to hang,捏,措,蛙,拄,扯,封,描,苦,掉,HSK3
牌,pái,brand,碑,脾,腊,辟,啤,睹,短,腥,薛,HSK3
播,bō,to broadcast,掐,择,推,番,捧,摧,搭,捅,插,HSK3
暖,nuǎn,warm,援,破,菠,玻,吸,腹,拨,缓,被,HSK3
糖,táng,sugar,稠,缚,糊,德,糙,榴,蟹,穗,薪,HSK3
搬,bān,to relocate,艇,撤,饿,辙,撼,糠,魏,锻,腾,HSK3
胖,pàng,fat,胜,舶,拌,脏,辟,讲,驻,脾,肝,HSK3
裙,qún,skirt,裸,祷,磋,祥,律,棒,谁,搓,橙,HSK3
啤,pí,beer,碑,卑,窜,单,睹,革,牌,盘,审,HSK3
性,xìng,nature,惜,件,悼,壮,怔,伴,怕,柱,灶,HSK3
被,bèi,quilt,彼,玻,破,坡,极,叛,披,圾,吸,HSK3
管,guǎn,pipe,筐,晕,碧,窖,普,署,暑,垦,蓄,HSK3
命,mìng,life,金,全,盒,余,企,伞,舍,合,含,HSK3
规,guī,regulations,舰,观,就,现,唬,锐,鸦,航,视,HSK3
持,chí,to support,拧,特,捎,拌,拄,措,抨,插,掠,HSK3
标,biāo,mark,棕,栋,档,粽,秤,梢,材,桩,榨,HSK3
验,yàn,to check,骄,脸,险,款,绸,绽,韵,歇,观,HSK3
终,zhōng,end,泼,竣,涤,滚,怒,冬,缀,然,灸,HSK3
绝,jué,to cut off,爸,轮,抡,纺,幼,笔,绒,钓,纪,HSK3
群,qún,crowd,拜,薛,辞,暇,唯,瞪,睡,鲜,磋,HSK3
预,yù,in advance,陨,顶,觉,领,览,际,颈,悲,搅,HSK3
继,jì,to continue,龄,粒,纲,粽,糙,栋,碰,粮,嘛,HSK3
险,xiǎn,dangerous,脸,俭,捡,检,阶,除,验,陷,焰,HSK3
待,dài,to treat,得,侍,诗,悄,特,讶,赤,往,梢,HSK3
哈,hā,haha,啥,恰,拾,查,矩,杏,佯,临,知,HSK3
乱,luàn,chaos,刮,括,时,拄,弹,钻,毕,配,氓,HSK3
烈,liè,intense,然,蒸,添,涉,热,淀,杰,溯,膨,HSK3
沙,shā,sand,涉,泌,次,冰,炒,冷,讼,沟,纱,HSK3
误,wù,error,逗,诀,吴,读,请,煌,莫,渠,短,HSK3
屋,wū,house,犀,库,屑,唐,层,墓,雇,厚,唇,HSK3
救,jiù,to rescue,教,拨,敦,墩,致,较,搂,数,绿,HSK3
缺,quē,to lack,峡,映,快,挟,跌,嵌,联,辣,殃,HSK3
幸,xìng,fortunate,莹,宰,宝,菩,苦,苹,丰,昔,羊,HSK3
赶,gǎn,to hurry,赴,娃,挫,胜,挂,堤,捉,竖,芽,HSK3
舞,wǔ,dance,整,锤,睁,截,蒲,建,腰,肆,罐,HSK3
烦,fán,annoyed,熄,频,领,颊,愣,倾,颇,锁,硕,HSK3
吵,chǎo,noisy,砂,渺,钞,秒,穴,炒,列,吹,兴,HSK3
资,zī,assets,贤,贷,贫,贸,袋,瓷,经,货,姿,HSK3
基,jī,base,墓,甚,暮,君,若,幸,担,借,在,HSK3
步,bù,footstep,岁,罗,歹,萝,朱,牙,丧,泉,金,HSK3
造,zào,to create,逗,追,适,道,逞,逼,浩,洁,荷,HSK3
调,diào,tune,稠,绸,倘,询,铜,褐,愿,赠,躺,HSK3
整,zhěng,entire,塞,辖,犁,磋,搓,磕,辐,棒,捧,HSK3
约,yuē,to make an appointment,钧,钓,沟,哟,汤,纺,泌,灼,沏,HSK3
线,xiàn,line,浅,钱,残,践,绕,绣,绞,绒,缓,HSK3
增,zēng,to increase,蹭,蜡,蝠,憎,虾,墙,蝗,堪,醋,HSK3
突,tū,suddenly,奕,唉,案,架,类,奥,穷,侯,冤,HSK3
费,fèi,expense,赛,赞,贸,贤,贯,贺,遛,毁,琐,HSK3
痛,tòng,to ache,病,痒,瘤,痹,痴,悔,侮,钥,赌,HSK3
富,fù,wealthy,高,宣,兽,宫,胃,营,晶,堂,哥,HSK3
宣,xuān,to proclaim,富,宫,官,昌,高,兽,章,言,喜,HSK3
怪,guài,strange,竖,举,客,轻,衷,坚,诀,择,袁,HSK3
景,jǐng,scenery,冥,亭,亨,享,京,祟,哼,票,崇,HSK3
握,wò,to hold,据,崭,掘,募,堤,掐,瘤,锯,嬉,HSK3
猪,zhū,pig,猛,接,猿,姥,绪,猎,猴,裂,铭,HSK3
甜,tián,sweet,咀,钳,苗,旺,晤,辟,胜,宙,距,HSK3
制,zhì,system,啼,削,剃,锦,闹,砸,割,刷,揣,HSK3
解,jiě,to untie,懈,确,健,镰,嘴,键,魏,截,俺,HSK3
领,lǐng,collar,颈,倾,预,烦,频,馈,硕,颊,财,HSK3
城,chéng,city,诚,烧,减,旋,戒,域,绒,劫,筑,HSK3
除,chú,to eliminate,徐,阶,险,捡,绘,俭,疮,途,茶,HSK3
紧,jǐn,tight,紊,繁,絮,紫,凑,轿,瀑,俊,锋,HSK3
破,pò,to break,玻,坡,被,皱,吸,彼,圾,披,敲,HSK3
演,yǎn,to perform,滴,溃,滨,淳,淌,润,涌,凉,浑,HSK3
输,shū,to transport,榆,偷,渝,喻,逾,翰,愈,翻,愉,HSK3
赛,sài,competition,费,寨,贤,琴,资,裳,惯,贯,襄,HSK3
桥,qiáo,bridge,秩,秧,侨,麻,粹,株,榜,状,琳,HSK3
族,zú,clan,旋,疾,染,殃,痪,脸,梁,筷,腺,HSK3
续,xù,to continue,绿,绩,绽,凌,绣,绞,绒,荡,铰,HSK3
境,jìng,boundary,摸,现,损,宽,垮,撑,镜,捞,悲,HSK3
警,jǐng,police,塑,惠,蓄,蜜,筹,誓,塞,筐,腐,HSK3
顿,dùn,to pause,硕,谎,顽,喷,蒜,慌,颊,愤,损,HSK3
容,róng,to contain,蓉,客,榕,轻,窄,塔,搭,雀,诺,HSK3
赢,yíng,to win,谎,题,舰,鹰,飘,隐,愿,陶,腻,HSK3
察,chá,to examine,祭,裂,袋,袭,茅,弦,窃,经,裳,HSK3
之,zhī,of,乏,芝,眨,分,介,贬,今,尖,个,HSK4
与,yǔ,offer,写,号,亏,弓,乌,马,鸟,丐,享,HSK4
士,shì,soldier,土,十,王,正,上,工,干,击,丰,HSK4
巴,bā,crust,已,己,芭,岂,吧,屯,兄,另,克,HSK4
耳,ěr,ear,甘,直,丰,且,担,串,土,申,自,HSK4
巨,jù,gigantic,曰,吕,旦,百,呈,回,目,日,吉,HSK4
牙,yá,tooth,才,芽,束,查,宋,来,左,丹,呀,HSK4
虫,chóng,insects,五,虽,击,串,中,咕,宙,岳,坦,HSK4
豆,dòu,beans,吕,吾,巨,音,宫,旦,晋,曰,回,HSK4
寸,cùn,Chinese inch,守,打,讨,付,时,订,子,京,丁,HSK4
无,wú,nothing,尤,先,元,克,才,宪,完,晃,抚,HSK4
权,quán,authority,枚,枝,杖,板,仗,仅,叹,收,处,HSK4
林,lín,woods,株,杯,麻,材,休,体,袜,琳,栓,HSK4
未,wèi,not yet,末,朱,木,宋,来,束,本,术,呆,HSK4
亚,yà,Asia,当,平,半,怔,巫,临,业,杠,区,HSK4
企,qǐ,to tiptoe,木,全,金,术,命,禾,宋,舍,合,HSK4
史,shǐ,history,吏,更,支,央,使,麦,英,丈,友,HSK4
引,yǐn,to draw,弓,马,号,乌,丐,躬,向,亏,写,HSK4
律,lǜ,law,津,祥,裙,榕,磋,谨,谁,催,谋,HSK4
江,jiāng,river,汪,汗,汁,沾,注,油,让,汀,泊,HSK4
独,dú,alone,猫,烛,狂,猎,坊,拱,奸,战,姓,HSK4
益,yì,benefit,空,室,蛮,侄,罕,许,帘,谊,窑,HSK4
雷,léi,thunder,雪,围,蕾,富,重,睛,闺,南,董,HSK4
阵,zhèn,battle formation,陪,都,萨,阱,陡,陆,等,堕,荐,HSK4
登,dēng,to mount,奢,举,差,李,客,诺,短,酱,奔,HSK4
叶,yè,leaf,咕,吐,廿,土,世,卓,苗,十,早,HSK4
呀,yā,exclamation,讶,晾,时,牙,哨,碍,芽,荷,吗,HSK4
妇,fù,married woman,如,奸,姑,姓,娃,狂,姐,矩,护,HSK4
归,guī,to return,压,库,店,岸,岩,庄,扫,当,席,HSK4
逐,zhú,to pursue,遂,姿,凌,逢,家,鲨,羡,凄,婆,HSK4
寻,xún,to seek,寺,宇,享,亭,军,青,号,垦,亨,HSK4
卷,juàn,scroll,券,拳,挎,冤,凳,第,骄,巷,猪,HSK4
弱,ruò,weak,绢,韵,脖,骑,躬,猾,鸽,录,钥,HSK4
伙,huǒ,companion,火,吹,份,欣,炊,袱,秋,灭,砍,HSK4
盘,pán,tray,牵,窜,窑,莓,每,酋,竿,菩,啤,HSK4
申,shēn,to express,由,甲,中,串,丰,苗,甘,亩,再,HSK4
闪,shǎn,flash,内,涡,灯,利,肉,衬,讨,烂,付,HSK4
售,shòu,to sell,春,着,暮,智,署,君,垦,暑,害,HSK4
折,zhé,to break,拆,护,斯,扩,斩,捉,所,崭,垢,HSK4
秀,xiù,elegant,秃,芬,奖,桨,矣,岔,奕,菜,突,HSK4
汇,huì,to converge,京,让,宗,证,忙,团,问,门,当,HSK4
闭,bì,close,闲,谅,宗,词,棕,行,帘,栏,何,HSK4
奋,fèn,to exert,客,吞,拾,聋,笛,眷,番,卒,弃,HSK4
泪,lèi,tears,泊,沮,洁,沽,沾,浩,酒,肖,油,HSK4
季,jì,season,李,穿,茅,香,衰,录,茎,套,老,HSK4
尾,wěi,tail,尼,屠,虐,唇,厚,局,扇,层,肩,HSK4
隔,gé,to separate,障,郭,陨,堕,鸣,莺,鹊,鸭,精,HSK4
扫,sǎo,to sweep,扛,扣,拓,苛,节,担,钻,坦,岩,HSK4
尺,chǐ,ruler,户,万,天,广,历,厌,刀,矢,庆,HSK4
肥,féi,fat,把,吧,肘,宪,的,配,茄,兜,党,HSK4
晒,shài,to bask,酷,醋,牺,酝,栖,酣,昨,捆,帕,HSK4
治,zhì,to govern,冶,沼,洽,法,沪,沿,涌,消,滨,HSK4
即,jí,immediately,却,问,京,卸,时,间,讳,吁,词,HSK4
乎,hū,oh,手,呼,丢,丧,币,饪,亲,讨,抨,HSK4
构,gòu,to construct,符,栋,桃,松,纳,衬,枕,弥,税,HSK4
严,yán,strict,尸,产,库,丹,厅,芦,厂,屑,座,HSK4
依,yī,to depend on,衣,很,侨,水,论,徐,茶,伏,俭,HSK4
斗,dǒu,measuring cup,汁,汗,江,习,扑,抖,印,宅,沾,HSK4
限,xiàn,limit,阴,陡,邪,邦,银,艰,邓,郑,部,HSK4
陆,lù,land,陌,挂,挡,肚,扯,钻,抨,腊,碧,HSK4
既,jì,since,谢,耽,咙,魂,就,悲,筑,忧,卵,HSK4
降,jiàng,to descend,隆,绎,陷,释,陵,择,庭,猪,铭,HSK4
沉,chén,to sink,沈,洗,说,泥,况,汽,泻,汛,污,HSK4
免,miǎn,to avoid,兔,龟,芬,龙,色,挽,鬼,冤,疮,HSK4
恶,è,evil,惩,忘,总,悲,恩,志,箭,亲,粽,HSK4
户,hù,door,片,广,月,尺,芦,启,万,店,斤,HSK4
序,xù,order,茅,孕,穿,宠,窝,学,勇,疗,存,HSK4
渐,jiàn,gradually,浙,潦,浮,逝,钧,钞,涕,沏,瀑,HSK4
松,sōng,pine,讼,似,秒,你,秋,构,锹,称,彬,HSK4
秘,mì,secret,称,锹,溉,揪,秋,钦,炫,饶,弥,HSK4
谓,wèi,to call,请,福,谱,磊,票,谭,词,谊,碧,HSK4
择,zé,to choose,接,捧,轻,拴,揍,播,掐,捨,摔,HSK4
玉,yù,jade,王,干,工,正,平,主,亩,宝,土,HSK4
森,sēn,forest,探,婪,味,麻,禁,笨,谋,棵,辣,HSK4
骨,gǔ,bone,肯,胃,青,富,兽,寓,昂,晶,宫,HSK4
扩,kuò,to enlarge,护,折,拆,拐,捉,扰,疗,挟,拽,HSK4
盖,gài,lid,堂,靠,罪,皇,晋,罩,南,童,壶,HSK4
冰,bīng,ice,泳,讼,咏,泌,永,沧,必,脉,水,HSK4
妻,qī,wife,姜,宴,要,妄,轰,最,羞,客,萎,HSK4
透,tòu,to penetrate,逸,递,设,途,姿,逃,授,遂,浇,HSK4
扬,yáng,to hoist,杨,肠,场,畅,瑟,捞,窃,荡,物,HSK4
兄,xiōng,elder brother,克,兑,另,元,冗,咒,完,已,己,HSK4
迅,xùn,rapid,远,拭,选,武,迈,抚,边,式,玩,HSK4
毕,bì,to complete,字,华,子,昆,皆,者,宇,县,有,HSK4
轮,lún,wheel,拎,抡,论,绘,软,抢,贫,埃,惫,HSK4
贝,bèi,shellfish,页,贞,侦,买,头,见,贵,贡,员,HSK4
译,yì,to translate,泽,谁,详,择,希,径,诵,涌,潜,HSK4
召,zhào,to summon,另,否,奇,丹,杏,西,右,亏,音,HSK4
厚,hòu,thick,层,屑,屋,犀,肩,晨,扇,享,原,HSK4
彻,chè,thorough,砌,沏,揪,初,城,诚,衔,肠,减,HSK4
丈,zhàng,Chinese yard,艾,仗,支,文,友,皮,女,反,坟,HSK4
淡,dàn,mild,谈,炎,烫,溪,涤,滚,泼,然,渗,HSK4
挑,tiāo,to select,跳,桃,姚,扰,拢,拟,逃,犹,挠,HSK4
劲,jìn,energy,场,幼,埃,筑,劫,苏,坎,球,功,HSK4
圈,quān,circle,离,莺,筐,堕,圆,围,型,粤,恩,HSK4
迟,chí,late,迈,近,退,达,迭,送,运,沿,还,HSK4
腰,yāo,waist,敷,耍,腹,藤,馒,膜,覆,赚,服,HSK4
幼,yòu,young,劲,炫,劝,劫,幻,旅,坎,扮,城,HSK4
湿,shī,wet,温,晾,踪,惊,谅,润,滑,渣,滥,HSK4
瓜,guā,melon,爪,抓,从,欣,扒,孤,饭,趴,放,HSK4
聊,liáo,to chat,柳,卿,耽,魁,愧,脚,酌,筑,饱,HSK4
棵,kē,plant,株,麻,裸,梯,栓,秤,琳,课,眯,HSK4
伞,sǎn,umbrella,金,命,朱,含,企,采,余,术,宋,HSK4
巾,jīn,towel,卫,吊,于,叶,节,市,吁,扫,占,HSK4
笨,bèn,stupid,奈,策,举,轻,森,奔,箱,菊,第,HSK4
袜,wà,socks,株,珠,抹,麻,裸,沫,淋,检,林,HSK4
政,zhèng,politics,玫,致,改,攻,收,敌,圾,取,坡,HSK4
则,zé,rule,顶,厕,财,别,勋,预,顽,顷,剪,HSK4
兵,bīng,troops,乓,乒,宾,具,丢,其,共,丧,尘,HSK4
阿,ā,pet name,郭,呜,吭,部,陪,鸽,邪,哼,郁,HSK4
局,jú,bureau,肩,屑,启,居,眉,周,层,厚,月,HSK4
投,tóu,to throw,股,授,设,役,挨,搜,换,技,毁,HSK4
料,liào,material,科,稍,秤,粹,榨,利,淋,棵,袜,HSK4
承,chéng,to undertake,筹,咏,歇,拎,傍,爆,烤,祭,惫,HSK4
述,shù,to narrate,迷,速,还,迭,珠,沫,袜,株,送,HSK4
居,jū,to reside,届,眉,店,启,声,岸,盾,足,屈,HSK4
财,cái,riches,倾,顾,领,就,顶,顽,熄,愣,频,HSK4
冲,chōng,to charge,仲,沽,坤,油,计,汗,牡,沾,汁,HSK4
担,dān,to carry on the shoulder,拒,坦,甚,距,咱,昔,革,草,扫,HSK4
征,zhēng,expedition,怔,证,往,杠,佳,症,粘,性,枉,HSK4
挥,huī,to brandish,幕,磕,搏,型,摔,拦,捍,控,搁,HSK4
怀,huái,to cherish,杯,补,忙,榨,环,闭,棕,怖,材,HSK4
航,háng,to navigate,脱,肌,舵,胧,饥,舰,规,抗,炕,HSK4
守,shǒu,to guard,寸,京,宗,宁,宇,打,控,亲,时,HSK4
良,liáng,good,畏,丧,哀,衰,身,痕,袁,泉,香,HSK4
临,lín,to overlook,监,怔,牢,蛮,悍,侄,磊,宿,悟,HSK4
呼,hū,to shout,乎,哨,销,掠,插,抨,晾,咐,待,HSK4
败,bài,to fail,处,敏,放,焕,驭,叙,赂,政,散,HSK4
梦,mèng,dream,秽,锣,煲,核,箩,裂,咳,移,桨,HSK4
县,xiàn,county,去,具,真,罢,者,苔,至,车,扫,HSK4
尚,shàng,to esteem,向,问,间,京,铝,常,即,当,苛,HSK4
移,yí,to shift,哆,侈,彩,梦,修,多,锣,俊,峻,HSK4
固,gù,solid,国,回,皇,呈,司,吕,曰,堂,唱,HSK4
附,fù,to attach,射,陈,炖,府,邪,既,愣,肘,谢,HSK4
吸,xī,to inhale,破,圾,被,极,玻,敞,咳,坡,致,HSK4
招,zhāo,to beckon,昭,拇,拐,留,捂,拓,损,抚,挡,HSK4
授,shòu,to confer,投,设,延,役,挨,毁,廷,技,埃,HSK4
孙,sūn,grandchild,抑,拟,诧,抒,批,弥,讹,芯,亦,HSK4
迫,pò,to compel,追,适,迪,道,造,逞,退,洁,结,HSK4
宁,níng,peaceful,丁,亏,于,宇,号,子,守,宗,卫,HSK4
替,tì,to replace,春,奢,智,督,署,君,暮,眷,酋,HSK4
促,cù,to urge,定,足,俱,徒,赴,侦,捉,供,桌,HSK4
延,yán,to prolong,廷,授,埃,毁,挺,政,致,衷,葵,HSK4
操,cāo,to exercise,躁,谍,噪,谋,藻,摸,臊,模,茉,HSK4
阻,zǔ,to block,陌,阳,祖,胆,开,担,昭,苗,尹,HSK4
抽,chōu,to take out,拍,姑,括,酣,枯,扯,捏,牡,拄,HSK4
距,jù,distance,坦,担,拒,咱,晤,暗,铝,菲,虽,HSK4
符,fú,symbol,栋,馅,衬,构,净,衔,储,祷,冻,HSK4
勇,yǒng,courageous,窝,穿,茅,寄,序,学,寇,裔,宠,HSK4
奖,jiǎng,award,桨,笑,秀,芬,矣,浆,秃,尖,务,HSK4
描,miáo,to describe,措,捍,押,捏,啪,挂,掉,蛙,蜡,HSK4
袋,dài,bag,裂,笼,筷,察,悉,浆,染,资,袭,HSK4
映,yìng,to reflect,英,缺,峡,肤,快,芙,挟,胡,夹,HSK4
码,mǎ,number,吗,蚂,晾,的,哨,驻,弹,呢,萌,HSK4
粗,cū,coarse,租,粘,相,祖,程,柏,柜,梢,枉,HSK4
酸,suān,sour,毁,锻,缎,魏,艇,挺,邀,翅,舔,HSK4
浓,nóng,concentrated,汰,沃,浙,涂,浮,泳,冰,港,坎,HSK4
弯,wān,curved,孪,蛮,票,祟,尝,室,帘,评,崇,HSK4
浅,qiǎn,shallow,线,浇,济,钱,涤,港,残,姿,溪,HSK4
肚,dù,belly,肝,庄,在,钻,扯,牡,肿,估,怕,HSK4
址,zhǐ,address,扯,牡,虹,扛,壮,捏,耻,在,掉,HSK4
帅,shuài,commander,师,肺,帐,肿,刑,帖,呐,咐,恤,HSK4
姨,yí,maternal aunt,敷,嫂,援,敦,娥,姥,腹,媒,嫉,HSK4
裹,guǒ,to wrap,衷,襄,妻,泰,凄,裂,轰,违,逮,HSK4
逛,guàng,to stroll,遛,递,逮,莲,违,连,选,遗,遥,HSK4
战,zhàn,war,或,捉,拐,拽,抚,猎,劫,护,挫,HSK4
却,què,to withdraw,即,讳,卸,时,虾,布,诺,抠,闭,HSK4
质,zhì,quality,侦,贺,赁,债,底,贷,贤,负,诉,HSK4
府,fǔ,government office,舟,射,肘,待,侍,胚,俏,腔,咐,HSK4
官,guān,bureaucrat,宫,昌,首,宣,章,兽,盲,晋,吾,HSK4
研,yán,to research,胜,袖,茄,桩,钳,碍,件,听,肿,HSK4
列,liè,to line up,例,死,灯,为,病,尿,银,伤,动,HSK4
案,àn,case,奕,突,侯,架,菜,柔,集,奥,养,HSK4
维,wéi,to maintain,雏,缅,裂,谁,准,难,秽,绪,淮,HSK4
施,shī,to carry out,腕,脆,婉,恐,鹅,她,跪,烧,驰,HSK4
细,xì,fine,结,组,绅,缅,绰,辟,绊,呀,胜,HSK4
率,lǜ,rate,窒,窘,室,畜,窗,阁,诸,蜜,翠,HSK4
甚,shèn,tremendously,担,堪,拒,草,苦,昔,基,若,直,HSK4
微,wēi,tiny,徽,瞅,锹,糠,悠,溯,揪,傲,缴,HSK4
置,zhì,to set up,直,曹,宜,罩,昔,靠,辜,卓,首,HSK4
获,huò,to seize,狭,联,拔,挟,殃,痪,玻,券,破,HSK4
模,mó,to imitate,辣,摸,谍,榜,懊,谋,煌,嗅,碟,HSK4
阶,jiē,steps,险,除,俭,候,邻,筷,族,队,伤,HSK4
宝,bǎo,treasure,虽,芒,主,宰,幸,玉,莹,岩,羊,HSK4
释,shì,to explain,稀,楼,轿,锋,搂,粹,稚,裸,秩,HSK4
货,huò,commodities,贫,贷,负,贤,贸,贪,贺,资,迄,HSK4
暗,àn,dark,晤,碧,菲,智,睹,距,晴,腊,普,HSK4
测,cè,to measure,涮,侧,源,溃,则,顾,厕,购,沟,HSK4
毫,háo,one thousandth,掌,膏,享,青,冒,望,事,管,垦,HSK4
遇,yù,to encounter,通,遗,遏,遛,递,莲,违,遵,遣,HSK4
虑,lǜ,to ponder,滤,唬,虏,恳,愚,虎,悬,虚,颖,HSK4
均,jūn,equal,匀,钧,诧,劲,浪,拘,钓,污,访,HSK4
含,hán,to keep,合,舍,金,会,名,今,令,拿,命,HSK4
摇,yáo,to shake,挫,谣,掐,损,猩,摔,蹈,推,摆,HSK4
疗,liáo,to cure,序,存,扩,花,仔,录,射,老,病,HSK4
翻,fān,to turn over,镯,嘴,稳,鞠,糊,鹤,穗,赖,蟹,HSK4
稳,wěn,stable,德,穗,隐,糙,襟,颖,锁,簿,梳,HSK4
醒,xǐng,to awaken,酷,博,醋,醇,薯,蓝,碧,辐,幕,HSK4
购,gòu,to purchase,钩,熄,颂,顾,账,烦,勾,沟,哟,HSK4
针,zhēn,needle,错,讳,计,钻,钟,钉,诗,茫,证,HSK4
抱,bào,to embrace,跑,拖,地,拘,弛,他,抢,胞,饱,HSK4
植,zhí,plant,框,桂,柜,棺,柏,枉,相,杠,槽,HSK4
措,cuò,to arrange,描,捏,挂,捂,扯,押,拄,掉,错,HSK4
烧,shāo,to burn,饶,绕,绒,疑,骄,筋,犹,城,烤,HSK4
伴,bàn,partner,住,件,社,柱,佯,在,枉,侍,仲,HSK4
粮,liáng,provisions,栋,榜,糙,探,槐,躲,梯,根,棵,HSK4
闹,nào,to make noise,闸,阐,箭,阎,前,啼,闺,精,制,HSK4
辩,biàn,to dispute,糙,辨,粹,磅,馅,邀,舷,襟,饼,HSK4
胸,xiōng,chest,脑,鸥,酌,钢,剃,脚,鸡,掏,魄,HSK4
摸,mō,to grope,模,境,膜,损,漠,超,捞,提,趋,HSK4
矿,kuàng,mine,旷,听,旬,胚,佑,甸,伊,产,知,HSK4
倍,bèi,times,宿,培,谊,侄,悟,侍,语,右,住,HSK4
郎,láng,young man,郁,廊,耶,部,邪,邓,郭,阿,邻,HSK4
泉,quán,spring,尿,哀,衰,录,柴,求,痕,畏,渠,HSK4
炼,liàn,to smelt,烤,熄,练,陈,炫,冻,栋,拣,熔,HSK4
刷,shuā,to brush,肺,制,削,涮,剔,剧,锦,剃,咐,HSK4
盐,yán,salt,缸,卧,吐,苛,节,耻,佳,萤,苦,HSK4
垃,lā,garbage,拉,位,坛,站,踪,挡,立,培,惊,HSK4
究,jiū,to research,穷,杂,宠,充,党,宪,杭,觉,旁,HSK4
敌,dí,enemy,故,玫,取,收,改,政,玻,坡,破,HSK4
致,zhì,to deliver,政,敏,毁,玫,叔,跤,跌,散,骆,HSK4
供,gōng,to supply,拱,住,灶,往,棋,伴,哄,侦,件,HSK4
型,xíng,mold,蓝,墨,辈,幕,博,蒂,碧,磊,挥,HSK4
项,xiàng,item,顷,坝,顶,损,志,窍,悲,贵,员,HSK4
密,mì,secret,弈,菊,赔,蕴,莓,题,梅,蒋,摔,HSK4
竟,jìng,actually,竞,党,亮,旁,完,宪,郭,壳,晃,HSK4
括,kuò,to include,拄,刮,话,拌,插,拍,措,捏,沽,HSK4
席,xí,mat,屉,库,扁,屑,碍,归,原,腊,焊,HSK4
诗,shī,poem,茫,评,讳,诺,侍,针,待,讨,谅,HSK4
脱,tuō,to take off,航,胧,悦,锐,恍,肌,肪,舵,腺,HSK4
鲜,xiān,fresh,鲤,理,唾,埋,锤,群,踊,推,睁,HSK4
顶,dǐng,top,预,顷,项,陨,觉,旁,硕,损,贺,HSK4
刺,cì,thorn,莉,剩,剥,棍,棉,栋,锦,销,剃,HSK4
圆,yuán,round,园,高,管,曾,富,窖,晕,享,普,HSK4
诚,chéng,sincere,诫,城,减,旋,熄,粉,讽,贼,砌,HSK4
摆,bǎi,to arrange,错,挫,搏,捧,插,挥,掠,押,特,HSK4
纷,fēn,disorderly,粉,绒,炊,纵,纺,旅,纹,族,份,HSK4
寒,hán,cold,枣,寨,涩,襄,奉,赛,凄,暴,泰,HSK4
潮,cháo,tide,湖,滞,滴,灌,溜,薄,漱,瀚,涝,HSK4
聚,jù,to assemble,象,娶,脊,遂,家,摄,逐,奏,桑,HSK4
穷,qióng,poor,究,宠,突,杂,弈,窃,奕,夸,弦,HSK4
贴,tiē,to paste,肚,站,钻,怕,估,帖,胡,扯,灶,HSK4
阅,yuè,to read,商,离,惰,简,闯,阀,闭,恩,阁,HSK4
递,dì,to hand over,遗,遇,逮,遛,违,邀,逛,连,逸,HSK4
燃,rán,to ignite,然,谈,溯,悠,烈,纵,竣,热,叛,HSK4
俩,liǎ,duo,祸,两,柄,催,锅,律,作,辆,偶,HSK4
梯,tī,ladder,棵,榜,椅,秤,槐,梅,桶,榨,麻,HSK4
帽,mào,hat,幅,憎,帖,情,帕,惶,谓,搞,嘻,HSK4
抄,chāo,to copy,拆,劲,秒,坎,砂,钞,妙,抡,扶,HSK4
厘,lí,fraction,国,童,呈,量,屈,哩,皇,岸,库,HSK4
圾,jī,garbage,坡,玻,玫,被,吸,破,披,政,拔,HSK4
暑,shǔ,heat,署,垦,暮,薯,著,者,窘,普,管,HSK4
统,tǒng,to unite,绕,缆,恐,流,怨,饶,您,惑,愁,HSK4
余,yú,surplus,会,茶,奈,金,求,禾,命,衣,术,HSK4
著,zhe,to continue,暮,者,堵,署,暂,暑,荐,酝,酱,HSK4
智,zhì,wisdom,普,曾,音,兽,君,晋,署,窜,碧,HSK4
销,xiāo,to spend,梢,捎,锦,掠,铅,稍,损,粽,待,HSK4
载,zài,to carry,截,裁,戳,栽,哦,藤,镑,撼,健,HSK4
禁,jìn,to prohibit,探,谍,标,犁,弯,棕,森,菊,楚,HSK4
趣,qù,interest,邀,敷,糠,镰,趋,瘫,健,截,撒,HSK4
络,luò,net,铭,绎,被,赂,骆,该,圾,胳,级,HSK4
培,péi,to cultivate,坛,结,墙,坪,语,钻,倍,站,堵,HSK4
宽,kuān,wide,览,觉,境,揽,驾,搅,惹,惠,捣,HSK4
童,tóng,child,章,量,呈,靠,国,皇,晋,南,曾,HSK4
婆,pó,old woman,姿,凌,缕,矮,拨,毅,教,遂,缓,HSK4
薄,bó,slight,漂,缚,搏,鲸,榴,蹲,爵,糙,簿,HSK4
赏,shǎng,reward,贾,贵,员,贡,责,掌,贺,弯,亮,HSK4
填,tián,to fill in,慎,堵,镇,其,增,真,坛,黄,拄,HSK4
矮,ǎi,short,缕,拨,数,婆,教,怒,锋,毅,较,HSK4
堵,dǔ,to block up,著,诺,堪,塔,者,错,拄,若,控,HSK4
辣,là,spicy hot,模,裸,棵,榜,碟,探,咪,梯,婪,HSK4
咸,xián,salty,成,凤,戒,威,风,或,伤,戚,庞,HSK4
惊,jīng,to startle,谅,凉,棕,掠,悄,晾,踪,悲,怖,HSK4
激,jī,to excite,缴,澈,骏,缎,墩,教,铰,溯,敦,HSK4
减,jiǎn,to reduce,诚,喊,城,钞,炫,渺,咸,熄,烤,HSK4
编,biān,to compile,绸,煽,砌,缚,缠,糖,偏,绵,骗,HSK4
避,bì,to evade,糙,遛,莲,谴,遇,薄,鲸,递,雅,HSK4
窗,chuāng,window,窒,畜,翠,率,窖,盘,窘,酱,商,HSK4
途,tú,route,茶,逸,徐,逾,迭,条,绘,除,设,HSK4
缓,huǎn,unhurried,竣,骏,毅,馁,绞,级,绣,婆,缕,HSK4
纯,chún,pure,现,域,绳,垮,综,锐,耽,炖,损,HSK4
殊,shū,different,秩,妹,校,极,秽,殃,沫,核,铁,HSK4
俗,sú,customs,裕,谷,径,徐,伶,给,俭,经,洽,HSK4
叔,shū,uncle,叙,寂,致,政,驭,散,敏,玫,殃,HSK4
趋,qū,to hasten,超,摸,趟,撑,喉,掐,庭,螃,瑰,HSK4
腐,fǔ,rotten,侮,虚,菊,梅,悔,预,愧,廓,赌,HSK4
躺,tǎng,to lie down,倘,馈,稠,铜,粽,谢,赠,鸦,绵,HSK4
寄,jì,to mail,奇,崎,字,窝,倚,享,商,鸟,荐,HSK4
塑,sù,plastic,望,蜜,垫,等,酵,堕,蒋,挥,醉,HSK4
锻,duàn,to forge,墩,缎,魏,轿,饿,锈,链,软,邀,HSK4
源,yuán,source,漏,溃,泻,绵,凉,混,润,惊,泣,HSK4
遗,yí,to leave behind,遇,递,遛,送,运,连,莲,遏,迭,HSK4
默,mò,silent,歌,献,款,歇,规,嗽,赚,魔,爆,HSK4
赞,zàn,to praise,攒,贷,贸,费,搅,贺,揽,锁,货,HSK4
疑,yí,to doubt,凝,烧,骄,簇,矫,饶,猴,绕,笼,HSK4
镜,jìng,mirror,锐,镑,窥,境,揽,谤,琉,搅,唬,HSK4
戴,dài,to put on,藏,麟,截,嚷,陶,蟹,糖,膊,缚,HSK4
缩,suō,to shrink,缅,绵,绪,缚,综,海,绽,溜,绍,HSK4
综,zōng,to sum up,绽,粽,冻,窃,缔,绵,海,溜,缤,HSK4
擦,cā,to scrub,惹,拷,薪,探,德,寨,攀,挎,垮,HSK4
甲,jiǎ,armor,申,亩,里,中,王,面,苗,咀,串,HSK5
册,cè,booklet,加,茄,厉,茂,胧,庞,成,勋,拥,HSK5
竹,zhú,bamboo,东,尔,付,仰,析,仔,衬,亦,行,HSK5
羽,yǔ,feathers,讨,亲,河,谅,宗,求,窍,帘,讶,HSK5
乙,yǐ,second,亿,乞,艺,忆,匕,吃,它,包,刁,HSK5
丑,chǒu,clown,五,田,由,中,申,咀,岳,王,甲,HSK5
击,jī,to beat,岳,士,出,串,中,土,苗,丰,世,HSK5
委,wěi,committee,萎,柔,葵,受,娶,奏,复,麦,这,HSK5
杀,shā,to kill,矛,玄,东,亦,乐,求,余,予,奈,HSK5
托,tuō,to entrust,批,孔,宅,抵,扎,七,北,找,抑,HSK5
核,hé,nucleus,该,咳,秽,棱,刻,极,校,裂,裕,HSK5
肯,kěn,to agree,胃,青,骨,喜,害,昔,辜,宣,官,HSK5
毒,dú,poison,莓,薯,莺,事,醇,墓,碧,辜,辈,HSK5
私,sī,private,松,秒,孙,稣,玄,讼,粮,饰,淋,HSK5
拥,yōng,to embrace,据,捕,肺,护,朝,拼,捷,提,钥,HSK5
析,xī,to analyze,祈,麻,桩,根,棋,林,休,体,保,HSK5
唯,wéi,only,程,碑,谁,催,样,眸,畔,禅,群,HSK5
悲,bēi,sad,损,掠,顷,志,竭,忘,踪,息,惊,HSK5
厅,tīng,hall,丹,丁,元,局,归,严,宁,另,旬,HSK5
灰,huī,ashes,殃,灾,恢,灭,耿,炊,炭,次,族,HSK5
拒,jù,to refuse,担,坦,拍,距,咱,扣,甚,昔,扫,HSK5
乏,fá,to lack,之,眨,芝,贬,泛,反,夭,受,文,HSK5
耐,nài,to endure,揣,前,瑞,端,肺,而,抨,砸,哑,HSK5
辈,bèi,lifetime,筐,晕,碧,署,窖,南,幕,墓,望,HSK5
汗,hàn,sweat,汪,汁,注,江,油,活,沽,沾,洁,HSK5
闲,xián,leisure,棕,闭,桐,档,标,利,却,莉,涵,HSK5
劝,quàn,to advise,妨,办,对,成,幼,奶,殃,边,旅,HSK5
朵,duǒ,earlobe,秃,芬,柴,侯,芥,架,侠,床,芝,HSK5
仔,zǐ,meticulous,存,华,付,子,何,花,侍,行,什,HSK5
挤,jǐ,to squeeze,拽,拼,齐,挟,挨,挽,投,接,扶,HSK5
鼠,shǔ,mouse,驾,讯,悲,武,宽,闯,境,惠,骂,HSK5
池,chí,pool,泡,沈,弛,地,他,挑,沧,她,创,HSK5
亏,kuī,loss,号,弓,丐,宁,与,可,于,丁,盯,HSK5
押,yā,to pawn,描,措,错,插,排,捍,捕,特,坤,HSK5
扔,rēng,to throw,奶,伤,仍,扩,咸,扰,拘,助,抗,HSK5
匹,pǐ,to match,四,厅,元,丹,叮,盯,召,囚,丙,HSK5
肌,jī,muscle,航,饥,脱,讥,仇,勋,吭,抗,胧,HSK5
卧,wò,to lie down,盐,昨,吓,叶,佳,柜,吐,罩,卓,HSK5
胃,wèi,stomach,青,肯,兽,辜,富,晶,曾,高,星,HSK5
柜,guì,cupboard,相,柏,棺,枉,植,杠,桂,粘,框,HSK5
夕,xī,evening,久,歹,仅,义,叉,外,父,欠,又,HSK5
闯,chuǎng,to rush,请,悲,骂,筒,惰,掌,弯,饲,剖,HSK5
鸭,yā,duck,鹊,鸣,呜,鸽,膊,摘,鸦,鸥,捣,HSK5
倡,chàng,to initiate,借,昼,值,宿,眉,但,星,盾,肩,HSK5
叉,chā,fork,文,又,义,仅,反,支,艾,久,仪,HSK5
洒,sǎ,to sprinkle,酒,诈,涵,涡,诺,渣,馆,诸,惧,HSK5
咳,ké,to cough,该,核,刻,吸,亥,裂,咬,凌,锣,HSK5
军,jūn,army,宰,车,牢,宝,孟,窖,拦,室,芒,HSK5
协,xié,to cooperate,胁,苏,炖,办,劫,城,初,熄,忧,HSK5
央,yāng,center,夫,失,矢,天,夹,犬,关,大,庆,HSK5
岸,àn,shore,届,屈,居,压,声,崖,岩,眉,店,HSK5
逃,táo,to escape,迹,跳,挑,姚,设,迄,选,返,途,HSK5
雄,xióng,grand,滩,饼,难,维,礁,稚,锻,橄,矫,HSK5
库,kù,warehouse,屋,犀,归,压,席,雇,屑,座,差,HSK5
尊,zūn,to respect,荐,等,算,酱,遵,搏,学,望,意,HSK5
染,rǎn,to dye,梁,柴,族,奕,菜,突,袋,秀,契,HSK5
狂,kuáng,crazy,猎,讲,奸,娃,独,挫,姓,猖,赶,HSK5
伸,shēn,to extend,仲,估,什,伴,件,佑,伯,借,住,HSK5
违,wéi,to violate,连,逮,速,遇,进,莲,递,过,适,HSK5
罚,fá,to punish,词,踪,哼,饲,钉,评,谅,诗,晾,HSK5
拜,bài,to pay respect,娃,群,辟,辞,短,赶,硬,菇,胜,HSK5
乘,chéng,to ride,柴,策,桨,秉,途,农,采,苍,捡,HSK5
旦,dàn,daybreak,巨,吕,日,百,曰,吉,白,回,目,HSK5
珍,zhēn,precious,诊,趁,掺,修,渗,爹,惨,参,谬,HSK5
暂,zàn,temporary,哲,著,暮,碧,醇,薯,署,莓,墓,HSK5
泛,fàn,nonspecific,贬,眨,交,汉,沙,没,沃,劣,乏,HSK5
呆,dāi,fool,束,桌,茉,果,末,杏,未,荣,来,HSK5
厉,lì,stern,历,房,万,加,尿,叨,助,甩,辰,HSK5
辑,jí,to edit,辐,辖,踊,蹭,撑,瑰,摘,酵,塑,HSK5
润,rùn,moist,涧,滴,涵,淳,洞,漂,粽,溃,饲,HSK5
抬,tái,to lift,指,胎,持,拾,苟,冶,隶,苔,招,HSK5
盾,dùn,shield,眉,肩,居,倡,昼,届,值,店,借,HSK5
诊,zhěn,to diagnose,珍,趁,修,渗,爹,参,掺,谬,终,HSK5
摄,shè,to take a photo,援,慑,媒,搂,披,捷,拨,孩,姥,HSK5
污,wū,filthy,河,淳,沼,泻,汀,滨,凉,诧,注,HSK5
凭,píng,proof,秃,抚,龙,抗,朵,先,危,凳,货,HSK5
详,xiáng,detailed,诺,许,讳,诸,谁,评,样,课,祥,HSK5
矛,máo,spear,予,玄,祭,杀,茅,奈,余,求,茶,HSK5
骂,mà,to scold,莺,碧,写,南,蒂,搞,常,掌,闯,HSK5
驶,shǐ,to drive,驮,散,敲,骆,破,娱,按,跌,驳,HSK5
瞧,qiáo,to look at,礁,糕,焦,蕉,雏,维,瞪,蔗,舔,HSK5
戒,jiè,to guard against,成,或,咸,庞,栽,划,筑,风,城,HSK5
驾,jià,to drive,惠,意,息,愚,竭,急,骂,悬,障,HSK5
猜,cāi,to guess,猎,猾,猖,猩,狠,狸,猫,狼,猛,HSK5
沟,gōu,ditch,泌,钧,约,汤,泡,弥,泳,钩,浮,HSK5
寿,shòu,longevity,差,侍,春,表,羞,蛋,有,诗,奉,HSK5
询,xún,to inquire,饲,铜,滴,淌,润,词,涧,洞,鸿,HSK5
幽,yōu,secluded,烟,函,酗,咽,酝,姻,陋,悔,纲,HSK5
艰,jiān,difficult,银,跟,对,衷,狠,浪,钥,决,妹,HSK5
桃,táo,peach,挑,跳,税,枕,惋,姚,构,视,榜,HSK5
挣,zhēng,struggle,挽,拼,找,拢,择,捨,抒,接,揍,HSK5
肠,cháng,intestines,扬,杨,畅,初,场,砌,诚,筋,物,HSK5
挡,dǎng,to block,拌,踪,捎,掠,档,封,抨,拦,损,HSK5
欠,qiàn,to owe,火,众,欣,久,伙,介,仪,份,价,HSK5
扮,bàn,to dress up,吩,盼,份,换,投,股,勉,抡,劲,HSK5
盆,pén,basin,岔,芬,突,桨,秀,奕,架,奖,秃,HSK5
漏,lòu,to leak,源,绢,湿,绵,得,温,涯,悲,悄,HSK5
拆,chāi,to take apart,折,护,斩,扩,振,斯,崭,诉,捉,HSK5
艳,yàn,colorful,靶,龟,推,晚,把,掐,勘,捧,捅,HSK5
愁,chóu,to worry,您,锈,谈,憋,悠,溯,款,缝,绣,HSK5
厨,chú,kitchen,扇,赔,层,闯,原,屑,厚,脖,筒,HSK5
棒,bàng,club,桶,捧,磋,裙,整,摔,榴,籍,榕,HSK5
泼,pō,to splash,竣,绞,凌,拨,涤,效,终,滚,怒,HSK5
梨,lí,pear,梁,架,菜,染,唉,森,婪,探,突,HSK5
尔,ěr,thus,你,亦,乐,永,公,祭,竹,矛,冷,HSK5
令,lìng,orders,今,伶,贪,含,冷,会,余,食,玲,HSK5
革,gé,leather,苗,审,串,卑,宙,丰,虽,单,苦,HSK5
劳,láo,labor,芳,拐,芽,宪,旁,党,苏,抚,功,HSK5
执,zhí,to clench,拽,抚,找,丸,抗,拐,扰,扶,战,HSK5
胡,hú,recklessly,萌,朝,明,肿,朗,脏,胜,茄,腊,HSK5
版,bǎn,printing plate,贩,扳,板,饭,彼,玻,放,破,肢,HSK5
枪,qiāng,gun,抢,呛,抡,枕,榆,沧,创,论,舱,HSK5
荣,róng,glory,茉,宋,束,栗,某,柬,来,呆,末,HSK5
软,ruǎn,soft,钦,欺,漱,砍,秋,矫,锹,铰,款,HSK5
曲,qū,bent,由,申,中,田,世,苗,咀,击,甜,HSK5
尤,yóu,remarkable,无,九,光,才,优,龙,先,力,丸,HSK5
弃,qì,to abandon,弈,卒,奔,李,华,穿,每,牵,垄,HSK5
忍,rěn,to endure,怨,恐,忽,惑,态,您,悉,恋,滤,HSK5
触,chù,to touch,塘,蜘,蝉,蚀,蝴,烛,轴,掏,蝇,HSK5
享,xiǎng,to enjoy,亭,亨,垦,字,室,号,寻,孟,窖,HSK5
仿,fǎng,to imitate,伤,伪,访,优,仍,方,肪,仇,炉,HSK5
启,qǐ,to open,店,居,侣,眉,届,后,肩,庙,局,HSK5
估,gū,to estimate,伯,怕,枯,在,店,仲,住,庄,借,HSK5
忆,yì,to recall,亿,吃,屹,乞,艺,礼,忧,灯,廊,HSK5
灾,zāi,disaster,灭,荧,灰,灵,炭,涉,突,杰,须,HSK5
胆,dǎn,gall bladder,昭,肝,咀,晤,舶,庙,明,铝,届,HSK5
堆,duī,pile,推,堵,牲,谁,错,特,袖,惟,坤,HSK5
稍,shāo,a little,梢,销,根,秤,利,榨,料,待,科,HSK5
抢,qiǎng,to rob,抡,枪,呛,创,沧,舱,抱,苍,疮,HSK5
肩,jiān,shoulder,局,屑,盾,眉,启,厚,昼,居,店,HSK5
悉,xī,to know,态,袋,怨,恳,恐,诱,涨,浆,咏,HSK5
返,fǎn,to go back,近,这,迟,迭,拆,达,逃,途,条,HSK5
敏,mǐn,agile,散,致,腹,敬,般,痪,皱,叙,敌,HSK5
剩,shèng,to be left over,糙,刺,锁,谜,颖,刹,稠,粽,销,HSK5
辛,xīn,pungent,羊,宰,车,主,宝,寺,牢,幸,宙,HSK5
恋,liàn,enamored,刹,弥,综,咙,粽,闷,就,恶,陈,HSK5
吓,xià,to frighten,卧,下,间,怔,亡,叮,芒,叫,虾,HSK5
励,lì,to encourage,勋,赐,胁,煽,蛎,旋,庞,疯,城,HSK5
滑,huá,slippery,洞,渴,清,温,词,请,谓,混,淳,HSK5
拔,bá,to pull out,技,玻,披,坡,援,玫,故,敌,圾,HSK5
肃,sù,solemn,萧,赃,焊,脏,煌,症,炬,惜,悄,HSK5
届,jiè,to fall due,居,庙,眉,店,岸,屈,声,启,庄,HSK5
欣,xīn,happy,炊,砍,饮,欢,吹,袱,伙,秋,次,HSK5
饮,yǐn,beverage,欢,炊,钦,砍,欣,次,坎,秋,欲,HSK5
逻,luó,to patrol,这,送,迭,连,衷,葵,逸,途,复,HSK5
遵,zūn,to obey,遇,蹲,遏,尊,通,遛,惹,遗,惠,HSK5
扶,fú,to support with the hand,挟,块,快,拼,技,抹,拴,捨,拐,HSK5
厌,yàn,to detest,庆,夹,天,肤,犬,矢,侠,失,夫,HSK5
怨,yuàn,resentment,忍,恐,悉,您,统,滤,忽,诡,缆,HSK5
吐,tǔ,to spit,叶,世,旺,芒,正,苦,哇,缸,臣,HSK5
咬,yǎo,to bite,跤,校,胶,铰,哎,致,秩,较,饺,HSK5
聪,cōng,smart,竭,魂,蹲,鸡,总,铅,瑰,琐,怠,HSK5
煤,méi,coal,媒,燥,珠,蛛,棱,挟,妹,缺,劫,HSK5
肤,fū,skin,庆,厌,夹,侠,快,失,殃,映,挟,HSK5
涨,zhǎng,to rise,张,胀,脉,弥,腺,纺,熄,洗,淀,HSK5
拼,pīn,to piece together,拢,挟,扶,挤,接,按,找,拽,护,HSK5
脆,cuì,brittle,跪,施,腕,诡,胧,舱,胞,航,脱,HSK5
柴,chái,firewood,侯,架,染,朵,候,泉,桨,秉,秃,HSK5
眠,mián,sleep,氓,弹,朝,眼,盹,强,腊,腥,哨,HSK5
扇,shàn,fan,屑,层,厨,犀,厚,原,唇,息,赔,HSK5
胶,jiāo,glue,狡,放,股,咬,彼,被,殷,饺,致,HSK5
郊,jiāo,suburbs,郑,邓,邻,除,刘,郎,那,伐,剂,HSK5
糕,gāo,cake,礁,舔,瞧,饼,翅,糙,蔽,蒸,恭,HSK5
弹,dàn,bullet,强,萌,腊,脾,驻,朝,钙,辟,鸽,HSK5
射,shè,to shoot,附,肘,府,脖,杂,掠,存,卵,酌,HSK5
掌,zhǎng,palm,事,请,晕,情,嘉,膏,骂,管,望,HSK5
洞,dòng,cave,滑,词,涧,河,淌,淳,谅,铜,润,HSK5
坦,tǎn,level,担,距,拒,虽,咕,岩,宝,苦,扫,HSK5
鬼,guǐ,ghost,冤,兔,寇,愧,宠,魁,第,男,巷,HSK5
虚,xū,void,腐,虐,惠,竭,墟,悬,驾,题,愿,HSK5
虎,hǔ,tiger,虏,虑,虔,唬,勃,胞,防,凭,凳,HSK5
贸,mào,trade,贷,贺,货,贤,资,赞,费,锁,贫,HSK5
竞,jìng,to compete,竟,党,完,克,宪,旁,亮,兑,晃,HSK5
震,zhèn,to quake,雹,晨,霉,霞,囊,霍,蔚,舅,颤,HSK5
筑,zhù,to construct,傍,劲,筋,晓,既,戒,锐,耽,宠,HSK5
振,zhèn,to vibrate,拆,提,逝,拟,勃,锯,蜴,拯,银,HSK5
摩,mó,to rub,蘑,魔,鹰,腐,屡,萄,属,磨,惰,HSK5
犹,yóu,just like,狩,划,狈,胧,烧,洗,扰,狗,成,HSK5
朗,lǎng,bright,明,胡,钥,的,舶,脏,思,眼,胎,HSK5
珠,zhū,pearl,抹,蛛,球,袜,昧,拴,沫,探,谋,HSK5
恨,hèn,hate,很,惧,根,银,馆,悄,惦,袁,哀,HSK5
鼻,bí,nose,罩,晕,粤,喝,章,碧,南,苛,骂,HSK5
偶,ǒu,idol,僧,傅,得,俏,褐,债,侍,锦,锯,HSK5
恢,huī,to recover,灰,焰,煽,减,诚,熔,慷,耿,协,HSK5
糊,hú,paste,榴,糖,糙,概,懒,翻,德,鞠,棚,HSK5
漫,màn,to overflow,浸,渡,漠,馒,慢,爱,泽,澡,凌,HSK5
扰,rǎo,to harass,抚,抗,拢,忧,耽,扼,优,轨,枕,HSK5
插,chā,to insert,拌,括,押,错,捎,刮,掠,摆,挫,HSK5
骗,piàn,to deceive,编,赠,驯,鹏,蝙,竭,驼,漏,唬,HSK5
豪,háo,unrestrained,蒙,寡,寝,晨,寞,臭,莫,蔓,卖,HSK5
惠,huì,favor,意,驾,息,悬,等,蔼,急,惹,愚,HSK5
滚,gǔn,to roll,涤,溪,缕,凌,竣,泼,渗,黎,淫,HSK5
勤,qín,diligent,勒,勘,葡,掏,锄,触,扔,塘,勃,HSK5
贷,dài,loan,贸,贺,货,贤,资,赞,贪,赁,贫,HSK5
丢,diū,to lose,去,兵,手,丧,套,话,坛,专,县,HSK5
邻,lín,neighbor,郊,邓,邪,廊,郑,郎,除,郁,阶,HSK5
陪,péi,to accompany,部,阵,郭,陌,障,陆,倍,都,萨,HSK5
蛇,shé,serpent,蚂,花,拧,批,射,蚀,玛,掠,捎,HSK5
贺,hè,to congratulate,贸,贷,贤,损,贵,赁,贯,责,琐,HSK5
吨,dūn,ton,盹,吁,陆,揣,抨,瑞,捍,节,肿,HSK5
琴,qín,stringed instrument,策,赛,揉,秦,拳,贤,葵,零,轻,HSK5
冠,guān,crown,寇,壳,宪,党,荒,亮,竞,宽,院,HSK5
熊,xióng,bear,滤,恐,怨,游,忍,凝,愁,饶,惑,HSK5
烂,làn,rotten,传,宏,惊,淳,贮,红,顷,洒,诬,HSK5
夹,jiā,press from both sides,关,失,夫,天,侠,庆,央,矢,哭,HSK5
漠,mò,desert,澳,澡,摸,淀,裳,溃,漫,涝,读,HSK5
醉,zuì,to be drunk,碎,醇,酵,蒋,塑,暂,著,挫,诺,HSK5
俱,jù,altogether,促,香,慎,保,伊,某,胚,作,耸,HSK5
辅,fǔ,to supplement,铺,踊,辖,锦,桶,肆,哺,藤,静,HSK5
臭,chòu,stench,莫,吴,桌,寞,是,嗅,渠,奥,某,HSK5
冻,dòng,to freeze,综,刹,栋,凉,陈,练,炼,拣,溃,HSK5
萄,táo,grape,蜀,葡,惠,蘑,菊,蔼,荷,驾,莺,HSK5
脾,pí,spleen,牌,腊,舶,脖,碑,弹,肿,腥,脏,HSK5
饼,bǐng,round flat cake,粹,馅,橙,馒,祥,溜,诱,谤,辩,HSK5
兔,tù,rabbit,免,冤,鬼,龟,芬,疮,龙,埃,笑,HSK5
柿,shì,persimmon,种,柄,神,栖,桩,梢,莉,桶,梯,HSK5
德,dé,morals,稳,谎,惩,粽,梳,糖,擦,糙,硫,HSK5
织,zhī,to weave,识,缤,积,职,综,烘,总,凉,泥,HSK5
损,sǔn,to damage,悲,挡,琐,掠,贺,境,项,摸,志,HSK5
博,bó,well-informed,搏,幕,蔼,型,撞,醒,碍,璃,墅,HSK5
鼓,gǔ,drum,歧,故,技,坡,玻,敲,梗,破,麦,HSK5
搞,gǎo,to do,墙,擅,哼,请,槁,常,哥,啃,捍,HSK5
硬,yìng,hard,梗,暇,拜,嗅,赶,禅,便,要,映,HSK5
敬,jìng,to respect,散,敞,敷,敏,破,艘,被,叙,傲,HSK5
签,qiān,to sign,答,裂,鉴,刻,锣,煲,该,寂,盗,HSK5
彼,bǐ,the other,被,玻,板,破,坡,波,饭,玫,牧,HSK5
舍,shè,hut,合,全,盒,金,含,杏,哈,命,恰,HSK5
悄,qiāo,quiet,哨,惊,俏,待,梢,讶,惧,憎,情,HSK5
碍,ài,to obstruct,荷,博,型,得,喂,僧,晴,磕,碧,HSK5
键,jiàn,key,健,镶,歉,戳,魏,截,解,锻,糠,HSK5
搜,sōu,to search,投,挨,技,毁,拽,授,段,按,挺,HSK5
籍,jí,records,榴,铺,辖,糙,鞠,镯,橘,穗,棒,HSK5
饰,shì,ornaments,馅,饲,销,怖,谢,馈,馆,橱,衬,HSK5
钢,gāng,steel,纲,刚,锅,栋,树,销,涵,鸥,刹,HSK5
尝,cháng,taste,云,偿,空,室,亲,孪,至,帘,窖,HSK5
奈,nài,to deal with,夸,余,求,李,笨,祭,套,茶,夺,HSK5
躲,duǒ,dodge,探,粮,腺,菊,税,榜,雅,染,拯,HSK5
喷,pēn,to spurt,愤,唠,顿,谎,聘,馈,蹲,损,愕,HSK5
玻,bō,glass,坡,披,破,圾,玫,被,拔,彼,技,HSK5
歇,xiē,to rest,歌,砍,钦,款,软,馒,秋,验,咏,HSK5
悔,huǐ,repent,侮,梅,惰,憎,慎,愣,磨,莓,褐,HSK5
览,lǎn,to look at,觉,宽,预,揽,剪,慌,恩,就,愣,HSK5
傅,fù,master,偶,偿,侮,蔼,搏,等,倒,裤,博,HSK5
纲,gāng,guiding principle,钢,继,讽,龄,粒,缔,鸥,刚,绵,HSK5
豫,yù,pleased,缘,毅,橡,像,嫁,象,稼,隧,掺,HSK5
拾,shí,to tidy up,拴,搭,捨,恰,塔,哈,奋,苟,坚,HSK5
秒,miǎo,second,砂,钞,松,秋,袄,彬,似,渺,秽,HSK5
披,pī,to drape over the shoulders,玻,坡,扳,拔,被,技,破,妓,圾,HSK5
盒,hé,small box,舍,金,全,命,合,拿,含,会,禽,HSK5
葡,pú,grape,萄,臂,蜀,勘,博,搏,膊,锦,莺,HSK5
摔,shuāi,to tumble,捧,挥,垫,犁,蜜,撑,率,撞,择,HSK5
控,kòng,to control,拄,抨,拦,轩,拓,堵,腔,志,坪,HSK5
域,yù,region,纯,垮,或,苏,劫,拷,琐,场,城,HSK5
幕,mù,curtain,薯,暮,墓,磊,挥,辈,碧,辐,博,HSK5
偿,cháng,to repay,尝,侄,腔,棕,傅,栏,档,讶,等,HSK5
碎,suì,broken,砖,箱,醉,诺,蒋,眸,禅,椅,梅,HSK5
幅,fú,width of cloth,帽,帕,蝠,帖,框,嘻,槽,悼,谭,HSK5
颗,kē,grain,榴,澜,糙,碟,稠,硕,橘,顿,鞠,HSK5
惜,xī,to cherish,悟,悼,性,怔,憎,悍,语,惶,恒,HSK5
疯,fēng,insane,讽,庞,凤,诚,煽,赐,风,颇,痴,HSK5
貌,mào,appearance,豹,豚,嫁,缘,朦,菠,猿,毅,琢,HSK5
怜,lián,to pity,伶,岭,吟,冷,拎,铃,玲,徐,俗,HSK5
慌,huāng,to panic,愣,愤,谎,梳,荒,览,颊,德,侃,HSK5
赔,péi,to compensate,剖,厨,层,赃,短,闯,悲,商,题,HSK5
傻,shǎ,stupid,嗓,庭,侮,屡,廉,菊,裤,额,集,HSK5
赠,zèng,to gift,竭,贿,硕,躺,鸭,褐,顿,顾,愿,HSK5
谊,yì,friendship,证,语,宝,当,空,室,钻,歪,谱,HSK5
剪,jiǎn,scissors,觉,览,预,宽,院,箭,陨,题,懊,HSK5
硕,shuò,big,愣,顿,倾,颊,颠,颈,顷,顶,馈,HSK5
烤,kǎo,to roast,炼,熄,钩,炫,涝,烧,焰,骄,沏,HSK5
绒,róng,down,烧,绣,绽,绕,缎,绞,戏,级,矫,HSK5
裁,cái,to cut out,载,栽,截,感,戳,翅,藤,撼,戚,HSK5
偷,tōu,to steal,榆,愉,喻,渝,逾,徐,输,俭,除,HSK5
辞,cí,to resign,辟,娃,拜,牲,菇,群,祥,胜,姓,HSK5
绕,rào,to go around,烧,饶,绣,浇,绒,统,疑,锈,缴,HSK5
龄,líng,age,继,嘛,糙,碰,榴,纲,橱,德,鲸,HSK5
宾,bīn,visitor,真,具,兵,乓,黄,其,乒,专,县,HSK5
撞,zhuàng,to bump into,博,幕,墅,型,醇,薯,辈,挥,墓,HSK5
锁,suǒ,lock,馈,颖,琐,诞,稳,德,烦,钩,颓,HSK5
慰,wèi,to console,憾,蔚,虑,愚,愿,撼,惑,唬,滤,HSK5
敲,qiāo,to knock,破,皱,服,腹,娱,鼓,散,报,骆,HSK5
宿,sù,to stay overnight,借,谊,棺,语,恒,普,惜,暮,悟,HSK5
邀,yāo,to invite,递,诞,辩,锻,遛,穗,馒,锁,随,HSK5
璃,lí,glass,离,博,挥,幕,醒,磕,蔼,蹄,撞,HSK5
糟,zāo,messed up,槽,榴,幢,棉,嘲,帷,锦,博,颗,HSK5
铃,líng,small bell,玲,冷,拎,绘,伶,徐,裕,怜,钦,HSK5
摘,zhāi,to pluck,搁,鹊,聘,鸭,搏,蹄,撑,捅,踊,HSK5
锅,guō,pot,涡,碌,祸,销,钢,街,掠,插,锯,HSK5
猴,hóu,monkey,猿,猪,族,嫉,疑,矫,骄,腹,狱,HSK5
帘,lián,curtain,帝,空,评,商,牢,亲,室,宗,罕,HSK5
索,suǒ,rope,素,累,蒋,茅,悬,等,寨,蜜,拷,HSK5
款,kuǎn,funds,钦,软,验,绩,歇,欺,绽,炼,烤,HSK5
壁,bì,wall,睦,墨,瞎,晴,哩,童,窜,型,薛,HSK5
紫,zǐ,purple,紧,搀,雾,瓷,锈,凝,饶,絮,恳,HSK5
瘦,shòu,thin,疫,痪,度,疾,葵,族,娱,曼,致,HSK5
蔬,shū,vegetable,疏,琉,撼,硫,揽,颖,翔,镜,谎,HSK5
献,xiàn,to donate,缺,脾,脏,腥,膜,兢,腺,默,茄,HSK5
繁,fán,numerous,紧,紊,隧,漾,篷,缝,掺,婆,悠,HSK5
斜,xié,slanting,球,纬,瑟,落,裕,绿,凄,新,逮,HSK5
频,pín,frequency,颊,烦,领,熄,颇,懊,额,赎,突,HSK5
田,tián,rice field,由,臣,王,中,咀,面,丑,甲,申,HSK6
予,yǔ,bestow,矛,抒,孝,序,专,玄,茅,东,考,HSK6
井,jǐng,well,并,开,牛,生,肚,共,丰,牡,枯,HSK6
昌,chāng,prosperous,官,宫,盲,旱,宣,晋,皇,首,早,HSK6
攻,gōng,to attack,玫,坟,牧,政,友,肢,收,技,哎,HSK6
罪,zuì,guilt,菲,晤,唱,哩,罩,哇,国,晴,盖,HSK6
灵,líng,spirit,荧,灾,炭,灭,煲,频,夷,误,菜,HSK6
犯,fàn,criminal,狩,犹,宛,沧,兜,狗,危,泡,疮,HSK6
岛,dǎo,island,鸟,鸣,呜,乌,息,捣,莺,恩,吗,HSK6
吉,jí,lucky,百,古,日,白,且,吾,占,告,自,HSK6
灭,miè,to extinguish,灾,火,灰,伙,吹,尖,欠,灵,殃,HSK6
亡,wáng,death,芒,宝,工,兰,上,平,吓,岩,早,HSK6
炸,zhà,to blow up,作,灶,惦,恨,炬,恰,烟,佑,洒,HSK6
杰,jié,outstanding,采,菜,淀,涉,灰,沫,恭,决,烈,HSK6
麦,mài,wheat,吏,夏,轰,姜,妻,妄,友,鼓,更,HSK6
夺,duó,to take by force,李,奕,奈,葵,夸,奋,弃,圣,芬,HSK6
融,róng,to melt,蝗,蝠,醒,博,蝙,聘,瑞,鹊,喂,HSK6
刊,kān,publication,节,吁,吐,苛,盐,呵,时,哇,缸,HSK6
叹,tàn,to sigh,哎,仗,仅,蚊,友,攻,权,艾,取,HSK6
炎,yán,inflammation,灸,淡,谈,烫,煲,姿,痰,汤,次,HSK6
奉,fèng,to offer,塞,羞,差,着,秦,拳,筐,辈,霍,HSK6
扎,zhā,prick,孔,轧,北,拧,打,批,把,花,礼,HSK6
壮,zhuàng,robust,在,计,耻,钻,怕,枉,证,扛,扯,HSK6
允,yǔn,to allow,分,代,充,水,劣,份,仍,秃,幻,HSK6
伍,wǔ,squad of five,佑,住,伴,在,估,怕,伯,钻,倍,HSK6
券,quàn,voucher,养,疾,卷,痪,族,铁,猪,猿,狭,HSK6
扑,pū,to pounce on,卦,针,计,坏,拧,打,押,侍,仔,HSK6
焦,jiāo,burnt,蕉,羔,煮,瞧,淀,恭,烈,糕,杰,HSK6
扣,kòu,button,扛,扫,拒,担,扯,拓,掉,钻,节,HSK6
耗,hào,to consume,钱,挣,摊,稀,球,哦,揍,找,拷,HSK6
肝,gān,liver,肚,胆,庄,开,吁,舶,拍,牛,担,HSK6
扭,niǔ,to twist,钮,捕,挫,拥,胜,轴,拌,驻,姑,HSK6
轨,guǐ,rails,耽,扰,就,规,械,捞,魁,愧,现,HSK6
杆,gǎn,shaft,杜,杠,枉,柱,相,棺,桂,社,伴,HSK6
旺,wàng,prosperous,吐,咀,臣,世,苗,面,里,王,玉,HSK6
粥,zhōu,porridge,锐,剃,税,弥,粽,想,躺,削,愣,HSK6
苏,sū,to revive,捞,劳,劫,协,拐,办,场,劲,域,HSK6
若,ruò,as if,拓,菩,在,右,吞,牢,堵,君,窑,HSK6
异,yì,different,导,皂,巷,昏,芭,劳,毕,尼,苟,HSK6
洋,yáng,ocean,淮,注,渔,祥,详,浑,萍,涕,洪,HSK6
恩,ēn,kindness,息,鸣,鸥,意,恶,惠,题,鸟,驾,HSK6
凡,fán,ordinary,几,冗,九,仇,乃,讥,见,巩,儿,HSK6
哲,zhé,wise,暂,著,皆,望,酷,葛,暮,捂,肾,HSK6
怒,nù,anger,矮,拨,竣,馁,激,泼,悠,效,教,HSK6
猛,měng,fierce,猪,猾,猩,猜,媳,猫,磅,猎,筝,HSK6
盟,méng,alliance,腊,暗,晴,碧,瞎,腥,膛,醒,鹊,HSK6
沿,yán,along,沼,治,洽,铅,洒,渣,沪,淇,浪,HSK6
讯,xùn,interrogate,试,汛,乖,武,钉,钙,轧,祝,闭,HSK6
陷,xiàn,pitfall,焰,都,掐,险,馅,梅,绍,侮,降,HSK6
仪,yí,servant,仅,议,及,牧,义,父,汉,纹,处,HSK6
奔,bēn,to run quickly,弈,举,弃,宠,卒,莽,笨,登,架,HSK6
径,jìng,track,经,俗,谷,往,将,轻,给,奈,很,HSK6
仰,yǎng,to look up,抑,印,竹,化,仔,付,饰,馆,孙,HSK6
凶,xiōng,cruel,区,抠,冈,丙,卤,右,佑,内,齿,HSK6
幻,huàn,unreal,勾,幼,访,饱,弦,伤,纪,弘,伪,HSK6
浮,fú,to float,汤,滔,泳,淆,浙,涂,渐,淫,沏,HSK6
峰,fēng,peak,蜂,睁,择,嗓,捧,律,裙,锋,曝,HSK6
拖,tuō,to drag,抱,地,掩,弛,扰,耽,扼,拢,跪,HSK6
胁,xié,to coerce,协,赫,城,熄,腕,颇,规,煽,狮,HSK6
粉,fěn,powder,秋,纷,狱,筷,颁,砍,诚,袱,旋,HSK6
泥,ní,mud,沪,泡,沈,浪,消,驼,沉,泻,访,HSK6
慧,huì,intelligent,谎,霸,惠,惹,雹,隐,宽,蠢,蟹,HSK6
洁,jié,clean,浩,沽,泪,泊,汪,茫,沾,沮,汗,HSK6
昏,hūn,dusk,皆,哲,葛,皂,旨,民,省,春,昆,HSK6
狠,hěn,ruthless,狼,猿,猜,浪,痕,艰,猎,猖,很,HSK6
祥,xiáng,auspicious,禅,谁,详,样,粹,裸,秤,洋,箱,HSK6
菌,jūn,fungus,卤,智,曾,窜,碧,南,匿,薯,困,HSK6
档,dàng,files,棕,梢,粘,栏,挡,标,棺,评,棉,HSK6
岗,gǎng,hillock,冈,卤,铝,钻,丙,半,齿,审,拓,HSK6
拨,bō,to allocate,教,较,数,援,孩,被,矮,圾,救,HSK6
乳,rǔ,breast,能,舵,挖,说,孔,卵,窃,视,搅,HSK6
串,chuàn,skewer,审,革,申,击,丰,苗,中,宙,再,HSK6
仓,cāng,storehouse,苍,沧,呛,抢,伦,抡,疮,论,秃,HSK6
盲,máng,blind,昌,官,首,直,冒,昔,宣,普,晋,HSK6
盼,pàn,to hope for,吩,份,扮,伤,分,吹,仿,族,肤,HSK6
拐,guǎi,to turn,捉,抚,劳,提,坊,护,招,挟,苏,HSK6
捐,juān,to donate,捎,捏,措,蜻,指,捂,情,挡,配,HSK6
渠,qú,canal,果,架,香,集,秉,栗,某,桌,茉,HSK6
爽,shuǎng,refreshing,荧,核,咳,答,锣,灵,梦,羡,痰,HSK6
壶,hú,kettle,显,晋,莹,平,牢,歪,南,堂,宝,HSK6
茄,qié,eggplant,加,胡,芳,舟,脏,芽,苟,舶,脾,HSK6
勺,sháo,ladle,乃,仿,匀,方,幻,仍,为,小,句,HSK6
股,gǔ,thigh,殷,肢,投,役,般,胶,设,放,段,HSK6
略,lüè,outline,胳,路,格,敲,轰,赂,皱,铭,雏,HSK6
抗,kàng,to resist,坑,扰,抚,杭,吭,扼,恍,忧,玩,HSK6
舰,jiàn,warship,规,航,腕,就,碗,观,唬,鸦,腻,HSK6
圣,shèng,holy,坚,李,竖,果,香,类,安,妄,架,HSK6
诺,nuò,to promise,诸,茫,堵,错,语,诗,谱,详,砖,HSK6
宫,gōng,palace,官,兽,宣,高,吾,富,昌,章,害,HSK6
谋,móu,scheme,谍,课,味,诺,塔,速,珠,荷,绰,HSK6
祖,zǔ,ancestor,年,租,钳,相,柏,坐,阻,羊,矩,HSK6
侵,qīn,to invade,复,侯,便,秉,候,使,度,寝,夏,HSK6
抵,dǐ,to resist,低,批,琐,纸,销,蛾,拭,捎,附,HSK6
混,hùn,to mix,滑,悲,渴,消,掠,泻,凉,溃,清,HSK6
梅,méi,plum,侮,悔,橘,榜,椅,莓,菊,梯,蔼,HSK6
啦,la,exclamation,拉,粒,啪,碰,咐,唠,掠,蹄,晾,HSK6
患,huàn,trouble,息,思,鸽,崎,惠,忠,脾,畸,鹊,HSK6
驻,zhù,to be stationed,挡,萌,胜,弹,强,拌,胖,拉,晾,HSK6
尖,jiān,tip,芬,矣,类,乔,奖,买,芥,头,岔,HSK6
忠,zhōng,loyal,思,志,总,职,忘,患,损,悲,息,HSK6
孤,gū,orphan,弧,狐,抓,掀,拟,旅,振,派,饭,HSK6
衡,héng,to weigh,衔,雅,馒,御,德,稠,榴,祷,糙,HSK6
废,fèi,to discard,痪,怪,棱,庭,假,接,轰,咬,致,HSK6
番,fān,try,客,播,眷,雀,奋,奢,窘,希,督,HSK6
枝,zhī,branch,杖,枚,技,权,仗,使,板,友,收,HSK6
奏,zòu,to play music,秦,葵,凑,轰,爱,委,养,复,绎,HSK6
贡,gòng,to pay tribute,贵,员,责,页,贾,赏,号,贞,项,HSK6
迁,qiān,to change,适,近,还,述,千,丢,任,手,连,HSK6
械,xiè,machinery,诫,梳,憾,枫,概,槐,榜,税,德,HSK6
袖,xiù,sleeve,神,钟,轴,桩,钳,枯,讲,租,肿,HSK6
柱,zhù,pillar,枉,杠,杜,杆,棺,桂,社,柏,伴,HSK6
扁,biǎn,flat,席,属,屑,偏,剧,瘟,屉,原,扇,HSK6
循,xún,to follow,很,祈,歼,斯,殆,斩,诉,炸,始,HSK6
肿,zhǒng,swollen,肚,胡,脾,萌,脏,盹,腊,胜,肺,HSK6
吞,tūn,to swallow,君,右,若,者,西,查,尹,乍,杏,HSK6
捉,zhuō,to catch,提,拐,堤,护,赴,挟,赶,抚,坊,HSK6
宅,zhái,dwelling,老,诧,它,皂,花,尼,导,孔,毕,HSK6
屏,píng,screen,雇,库,屑,唐,犀,短,展,腥,屎,HSK6
炉,lú,stove,访,烘,仿,炸,办,殆,劝,灯,动,HSK6
吊,diào,to hang,臣,巾,品,节,卓,早,虽,旱,苛,HSK6
畅,chàng,smooth,杨,扬,肠,锡,场,砌,咙,侮,瑟,HSK6
晕,yūn,dizzy,辜,辈,章,碧,兽,磊,管,靠,富,HSK6
巩,gǒng,to consolidate,饥,讥,忧,坑,机,杭,耽,优,卵,HSK6
酱,jiàng,sauce,奢,垄,著,裔,蒋,窘,暮,眷,者,HSK6
党,dǎng,political party,竞,兑,宪,克,完,旁,竟,亮,壳,HSK6
审,shěn,to examine,宙,革,串,单,甫,君,宝,卑,羊,HSK6
皇,huáng,emperor,量,呈,罩,旱,国,章,堂,卓,唱,HSK6
副,fù,deputy,啃,哥,搞,割,晴,睛,高,常,闺,HSK6
佛,fó,Buddha,拂,愧,梯,傍,榜,喉,辣,伤,候,HSK6
监,jiān,to supervise,临,怔,缸,显,壶,蓝,吓,亚,蛮,HSK6
湾,wān,bay,海,溃,涝,漂,溜,谤,谣,绩,淘,HSK6
炮,pào,firecracker,炕,胞,饱,袍,灼,舱,伤,熄,呛,HSK6
端,duān,upright,踹,揣,瑞,峭,耐,顿,蹄,喘,削,HSK6
探,tàn,to seek out,禁,菊,森,婪,栋,珠,梯,榜,辣,HSK6
庄,zhuāng,village,压,店,庙,开,肚,牛,生,左,估,HSK6
隐,yǐn,hidden,稳,瘾,愚,急,德,颖,惹,镜,硫,HSK6
蒙,méng,to cover,家,豪,菱,朦,寡,蔓,虔,寝,募,HSK6
潜,qián,to submerge,落,溶,洒,渣,潘,澄,沼,洋,浑,HSK6
宇,yǔ,eaves,寺,寻,于,军,宁,字,亨,车,宝,HSK6
毁,huǐ,to destroy,致,般,段,延,设,联,艘,挺,授,HSK6
援,yuán,assist,暖,拨,拔,披,摄,段,玻,孩,腹,HSK6
偏,piān,to lean,扁,偶,篇,倔,编,肺,佣,遍,塘,HSK6
侧,cè,side,顺,测,顾,佩,倾,厕,财,贿,御,HSK6
债,zhài,debt,馈,惯,赁,傅,愤,偶,贺,得,侦,HSK6
乌,wū,crow,鸟,号,与,写,马,呜,亭,亏,岛,HSK6
罢,bà,to cease,萤,至,窑,县,牢,宝,宰,车,空,HSK6
捕,bǔ,to catch,捅,摧,轴,押,挫,推,措,拥,捎,HSK6
胞,bāo,placenta,抱,脱,跑,饱,刨,炮,脆,航,舵,HSK6
晓,xiǎo,dawn,晚,势,瑰,捞,挎,筑,境,宠,跨,HSK6
贫,pín,impoverished,货,贪,拎,条,资,绘,贤,秀,贷,HSK6
丧,sàng,to lose,畏,表,衷,隶,妄,良,哀,衰,走,HSK6
渡,dù,to ferry,淀,漫,凌,菠,波,浸,裂,设,咬,HSK6
贯,guàn,to pierce,贤,贺,贵,惯,责,赁,贾,赛,债,HSK6
逼,bī,to press,逗,追,道,遣,逞,造,退,谓,遭,HSK6
佳,jiā,superb,桂,在,岩,缸,枉,借,怔,菲,宝,HSK6
盗,dào,thief,咨,盔,渔,溢,澄,经,涩,读,裂,HSK6
嘛,ma,obviously,龄,琳,标,继,麻,榨,橱,粽,槛,HSK6
揭,jiē,to reveal,捣,搏,瑰,掏,掐,损,拇,撑,搁,HSK6
悟,wù,to realize,语,惜,恒,怔,惶,悍,憎,宿,谊,HSK6
誉,yù,reputation,奉,警,拳,羞,寨,塞,读,逗,举,HSK6
纠,jiū,to entangle,红,纤,绪,缉,综,绊,绰,纬,纳,HSK6
宏,hóng,great,亲,志,尝,忘,坛,偿,红,总,窍,HSK6
牺,xī,sacrifice,栖,晒,酝,酿,崭,错,堵,酷,洒,HSK6
娃,wá,newborn,菇,姓,辟,姑,赶,拜,辞,牲,胜,HSK6
嘉,jiā,to commend,喜,辜,事,碧,晕,墓,善,掌,青,HSK6
悬,xuán,to suspend,意,惹,惠,驾,愚,急,恳,虚,息,HSK6
寺,sì,Buddhist temple,宇,羊,韦,寻,萤,苛,宝,辛,扫,HSK6
膜,mó,membrane,摸,臊,膀,腺,喉,超,契,娱,族,HSK6
舌,shé,tongue,丘,告,岳,古,乓,估,乒,千,吉,HSK6
诞,dàn,birth,锁,邀,诱,馅,稳,挺,艇,钩,蜓,HSK6
泡,pào,bubble,泥,池,沈,沧,沟,饱,驼,泌,袍,HSK6
肺,fèi,lungs,肿,朝,脾,锦,拥,刷,脏,脖,哨,HSK6
栏,lán,fence,档,侄,棺,棕,室,偿,忙,诺,空,HSK6
宴,yàn,banquet,妻,姜,妄,要,寝,最,衰,裳,羞,HSK6
薪,xīn,salary,攘,擦,斑,惹,新,薄,菊,摔,撑,HSK6
账,zhàng,accounts,胀,烦,熄,财,涨,狈,购,张,顾,HSK6
掏,tāo,to draw out,揭,捣,攘,摘,拂,鹤,搏,撑,瑰,HSK6
聘,pìn,to engage,摘,搏,鹊,膊,博,靖,蹄,鸭,喂,HSK6
咨,zī,to consult,盗,沿,潜,沼,经,怪,落,客,读,HSK6
哇,wā,wah,吐,菲,苦,罪,睦,莹,罩,芒,盐,HSK6
踢,tī,to kick,锡,蜴,蹬,鲸,惕,躁,蹈,竭,溜,HSK6
踩,cǎi,to step on,睬,深,踝,蹈,稻,裸,剩,跤,咪,HSK6
蹈,dǎo,to tread,谣,蹬,稻,踢,摇,蹄,踩,睬,鲸,HSK6
厕,cè,toilet,顾,顽,顺,则,侧,愿,测,赐,箭,HSK6
醋,cù,vinegar,酷,醒,酣,蜡,晒,措,醇,暗,增,HSK6
帝,dì,supreme ruler,节,帘,寺,宰,常,蒂,南,苛,菩,HSK6
威,wēi,might,咸,成,腹,猴,凤,城,族,慑,戚,HSK6
波,bō,waves,彼,被,菠,驳,渡,发,胶,汰,坡,HSK6
纳,nà,to receive,弦,焰,馅,绍,构,绪,将,缤,劫,HSK6
策,cè,strategy,第,笨,冤,揉,琴,轻,箩,筹,拳,HSK6
税,shuì,tax,锐,榜,桃,悦,就,梳,愣,傍,躲,HSK6
露,lù,dew,霞,蒲,霍,建,擎,辖,霜,整,撑,HSK6
野,yě,wild,舒,踊,蜀,摆,卸,抒,押,瑰,捅,HSK6
剑,jiàn,saber,验,捡,绘,钩,劲,缔,险,综,拎,HSK6
徒,tú,follower,赴,待,赶,往,促,竖,很,寂,尿,HSK6
盛,shèng,flourishing,篮,第,堕,菊,萨,垫,额,越,题,HSK6
纵,zòng,vertical,级,纷,炊,欲,纱,绒,饭,欣,狱,HSK6
障,zhàng,barrier,堕,驾,臂,幕,撞,隔,算,莺,陪,HSK6
妙,miào,wonderful,姊,炒,处,秒,妖,抄,钞,殃,旅,HSK6
撤,chè,to remove,撒,辙,搬,澈,娥,敷,撇,嫩,糠,HSK6
缘,yuán,reason,嫁,毅,豫,缓,竣,凌,敦,级,遂,HSK6
洪,hóng,flood,注,浊,淇,法,汪,洋,汗,滨,油,HSK6
梁,liáng,bridge,染,粱,菜,奕,梨,桨,族,突,秀,HSK6
跃,yuè,to leap,跌,联,铁,袄,秧,球,坎,政,决,HSK6
惨,cǎn,miserable,掺,参,谬,修,渗,寥,鲨,彥,趁,HSK6
践,jiàn,to trample,钱,线,贱,沸,浅,找,残,哦,跤,HSK6
稿,gǎo,draft,槁,桐,霜,程,精,涧,福,课,闸,HSK6
埋,mái,to bury,理,革,萤,挂,错,蛙,审,耻,捍,HSK6
锋,fēng,cutting edge,释,缕,矮,泽,绎,逢,搂,轿,楼,HSK6
牵,qiān,to lead along,窑,盘,奇,竿,卒,墓,暮,窖,翠,HSK6
踏,tà,to step on,跨,竭,垮,拯,碌,掐,缉,渴,绪,HSK6
跨,kuà,to straddle,垮,挎,拷,窃,瑰,骑,惹,踏,弦,HSK6
耀,yào,show off,辉,麟,赚,弊,瓶,嘴,撼,糙,糠,HSK6
氧,yǎng,oxygen,氢,氯,氨,气,急,贰,氛,鼠,凰,HSK6
傲,ào,arrogant,做,敬,敷,辙,糠,徽,焕,艇,撤,HSK6
氛,fēn,atmosphere,筑,凳,氨,穷,氢,筋,院,究,染,HSK6
跪,guì,to kneel,脆,诡,琉,拖,瓶,疏,鸡,鹅,鸦,HSK6
撑,chēng,to prop up,拷,摔,寨,境,摘,挎,塑,捧,揭,HSK6
刮,guā,to scrape,括,话,插,乱,拌,钻,挡,时,沽,HSK6
谐,xié,harmonious,请,楷,饲,馆,悲,涵,诺,闯,惰,HSK6
宠,chǒng,to pamper,穷,庞,寇,旁,冤,弈,孕,宪,究,HSK6
娱,yú,amusement,敲,疾,痪,美,挟,殃,皱,跌,膜,HSK6
蹲,dūn,to squat,遵,薄,琐,搏,壤,螺,揭,蟹,聪,HSK6
炒,chǎo,to stir-fry,炊,纱,妙,伙,钞,砂,炉,烁,沙,HSK6
铅,qiān,lead,船,销,钥,掠,脖,银,碌,谐,插,HSK6
捡,jiǎn,to pick up,脸,俭,拯,险,球,检,除,挟,拴,HSK6
馒,mán,steamed bun,漫,慢,馅,馈,饼,澳,递,毁,邀,HSK6
素,sù,vegetarian,索,累,蒋,絮,穿,茅,悬,寨,窝,HSK6
诸,zhū,various,诺,阁,睹,详,错,堵,奢,率,酒,HSK6
暴,bào,violent,寨,泰,募,撑,塑,清,襄,赛,塞,HSK6
谷,gǔ,valley,俗,径,各,洽,备,衷,爷,名,余,HSK6
残,cán,incomplete,线,钱,浅,拨,叛,我,效,努,绞,HSK6
症,zhèng,disease,瘟,怔,征,悟,炬,谊,库,恒,犀,HSK6
倾,qīng,to incline,领,硕,愣,烦,馈,财,颈,预,懊,HSK6
裂,liè,to split,察,袋,经,袭,铭,该,绪,秽,瑟,HSK6
横,héng,horizontal,种,棵,钟,袖,棋,梯,神,柿,谍,HSK6
赖,lài,to rely on,懒,穗,嗽,糙,镯,确,螺,瀚,獭,HSK6
旋,xuán,to revolve,旗,族,筋,诚,旅,胧,城,烧,熄,HSK6
殖,zhí,to breed,矩,短,辟,姐,痒,胜,狂,结,笛,HSK6
液,yè,liquid,校,铰,该,极,跤,饺,被,俊,核,HSK6
忧,yōu,to worry,优,恍,扰,悦,杭,炖,巩,枕,抗,HSK6
墨,mò,black ink,型,壁,筐,阐,辈,墅,睦,晴,蕾,HSK6
箭,jiàn,arrow,阎,前,闹,惩,篮,恶,预,鸣,精,HSK6
愤,fèn,indignant,惯,愣,馈,喷,慌,损,预,谎,宽,HSK6
磨,mó,to grind,蘑,墓,堡,碧,犀,磊,莓,暮,算,HSK6
截,jié,to sever,载,戳,裁,健,键,栽,藤,携,解,HSK6
牲,shēng,domestic animal,胜,讲,挫,姓,拌,娃,特,堆,菇,HSK6
跌,diē,to tumble,铁,跃,联,秩,埃,殃,致,挟,诀,HSK6
辉,huī,radiant,耀,德,糙,谎,梳,弊,硫,麟,篮,HSK6
鉴,jiàn,ancient bronze mirror,签,拳,盗,裂,绪,筝,策,盔,轻,HSK6
阔,kuò,broad,谨,闸,津,谣,阐,浑,稿,蒲,肆,HSK6
牢,láo,jail,窑,车,竿,半,宝,罕,至,军,芒,HSK6
欺,qī,to deceive,砍,钦,软,欢,欲,铁,殃,坎,吹,HSK6
钻,zuān,to drill,铝,扫,在,扯,钳,扛,针,怕,壮,HSK6
绘,huì,to paint,铃,拎,徐,玲,祭,经,给,俭,冷,HSK6
墓,mù,grave,暮,碧,垦,菩,窖,幕,普,署,章,HSK6
搭,dā,put up,塔,拾,拴,掐,拓,挫,荐,蓉,谋,HSK6
挖,wā,to dig,挎,杂,抒,拷,窃,舵,弦,吃,垮,HSK6
酷,kù,strong,醋,醒,酣,晒,蜡,堪,措,醇,担,HSK6
棉,mián,cotton,桐,锦,档,梢,槁,棕,精,框,怖,HSK6
挨,ái,to suffer,埃,换,挽,挺,投,葵,挟,设,揉,HSK6
谅,liàng,to forgive,惊,凉,晾,棕,讶,亲,评,词,诗,HSK6
榜,bǎng,roster,梯,傍,槐,愣,梅,磅,税,模,辣,HSK6
傍,bàng,close to,榜,筑,愣,磅,候,伤,第,筋,镑,HSK6
煮,zhǔ,to boil,蕉,淇,蒸,缤,羔,装,滨,堤,缉,HSK6
宗,zōng,religion,祟,京,崇,亲,票,守,帘,示,宇,HSK6
藏,cáng,to store,戚,兢,戴,唬,越,谎,碳,规,慌,HSK6
港,gǎng,harbor,淆,淹,潦,涛,涂,济,浅,浇,沸,HSK6
塔,tǎ,pagoda,搭,堵,诺,错,坏,荐,谋,蓉,拾,HSK6
遭,zāo,to meet with misfortune,遣,道,谴,逼,遇,谭,避,聘,适,HSK6
塞,sāi,to stuff into,奉,羞,差,墓,整,幕,替,塑,望,HSK6
涉,shè,to wade,淀,渺,须,沙,涕,渡,汤,涂,滔,HSK6
爆,bào,to explode,慷,炼,赚,烤,承,锡,墟,惭,歇,HSK6
恰,qià,exactly,拾,哈,作,怡,合,杏,保,佑,恨,HSK6
旗,qí,flag,旋,旅,熄,辨,颇,撕,媳,城,舷,HSK6
储,chǔ,to store up,衔,祷,僚,馅,粹,倦,诸,赌,传,HSK6
坡,pō,slope,玻,圾,披,玫,破,被,技,彼,拔,HSK6
铺,pù,shop,辅,锦,桶,锤,踊,辖,籍,蒲,搏,HSK6
铜,tóng,copper,饲,洞,滴,桐,询,词,剥,润,躺,HSK6
嫌,xián,to dislike,嫩,敷,姨,橄,歉,铸,沸,镶,瘫,HSK6
滴,dī,drop,润,饲,演,溃,涧,溜,铜,淌,淳,HSK6
顽,wán,stubborn,顾,愿,颊,厕,烦,顺,顿,硕,倾,HSK6
骄,jiāo,proud,验,烧,疑,骚,矫,饶,猴,族,烤,HSK6
谦,qiān,modest,祷,棒,储,赚,铸,衔,廉,锡,锤,HSK6
薯,shǔ,potato,署,暮,幕,暑,墓,碧,著,董,辐,HSK6
督,dū,to superintend,肾,春,替,暑,窘,暮,暂,奢,眷,HSK6
疾,jí,sickness,痪,殃,族,瘦,夹,挟,疮,侠,疫,HSK6
绪,xù,thread ends,猪,裂,铭,筝,缩,缅,缤,转,经,HSK6
崇,chóng,worship,祟,宗,票,亲,尝,京,诗,挡,评,HSK6
添,tiān,to increase,淀,澄,深,涕,浏,粱,涛,冻,滋,HSK6
赌,dǔ,to gamble,贿,侮,悔,诸,焊,储,愧,痴,履,HSK6
懒,lǎn,lazy,赖,糙,嗽,糊,榴,糖,稳,械,穗,HSK6
趟,tàng,trip,唠,趋,越,超,碳,躺,想,题,弊,HSK6
镇,zhèn,at ease,慎,填,禅,特,错,砖,梅,碎,脾,HSK6
欲,yù,desire,钦,欢,砍,欺,炊,秋,饮,软,次,HSK6
愉,yú,pleased,榆,偷,喻,渝,徐,御,逾,例,除,HSK6
歉,qiàn,apology,键,软,健,漱,锹,徽,糠,嫌,钦,HSK6
赚,zhuàn,to earn,赎,颖,镰,贿,廉,爆,辨,赐,耀,HSK6
憾,hàn,regret,械,慨,撼,德,概,诫,颖,锁,稳,HSK6
额,é,forehead,庭,第,颊,菊,谤,橙,磅,舔,颈,HSK6
川,chuān,stream,灿,仙,归,卉,加,厅,库,屉,片,HSK7-9
臣,chén,feudal subject,正,王,百,早,旧,里,面,干,亩,HSK7-9
乃,nǎi,to be,力,方,仍,刀,万,刃,历,为,凡,HSK7-9
丁,dīng,fourth,宁,于,亏,叮,子,盯,卫,厅,打,HSK7-9
瓦,wǎ,tile,尝,毕,鸟,窍,乌,些,亲,守,氓,HSK7-9
尸,shī,corpse,厂,严,启,庙,眉,石,届,厅,匠,HSK7-9
曰,yuē,to say,巨,吕,回,旧,呈,日,旦,口,百,HSK7-9
吕,lǚ,spine,巨,曰,旦,回,豆,吾,吉,呈,日,HSK7-9
晶,jīng,crystal,兽,胃,唱,富,高,罩,堂,宫,皇,HSK7-9
卜,bǔ,divination,扑,卡,仆,计,下,什,乍,让,者,HSK7-9
舟,zhōu,boat,丹,府,茄,苟,芳,宪,思,舶,守,HSK7-9
弓,gōng,bow,亏,号,与,引,丐,可,写,司,宁,HSK7-9
爪,zhǎo,claw,瓜,抓,八,扒,分,叭,仍,力,介,HSK7-9
勿,wù,not,匆,灰,劝,办,旅,奶,初,贩,灼,HSK7-9
丐,gài,beggar,亏,号,马,弓,宇,于,可,宝,宁,HSK7-9
凸,tū,convex,卓,占,宫,芒,吕,品,叶,固,官,HSK7-9
凹,āo,concave,画,回,唱,曰,固,国,可,间,凸,HSK7-9
禾,hé,grain,术,木,朱,余,长,未,宋,末,企,HSK7-9
尼,ní,nun,疤,屁,皂,它,苟,肩,尾,局,有,HSK7-9
刘,liú,Liu,对,决,郊,咬,这,液,好,亦,球,HSK7-9
姆,mǔ,nanny,媳,媲,婿,婚,螃,嫦,妈,猛,瑰,HSK7-9
雅,yǎ,elegant,稚,糙,榜,梅,难,槐,魄,梯,橘,HSK7-9
仙,xiān,immortal,征,灿,佳,什,悼,证,忙,仁,悍,HSK7-9
轰,hōng,to rumble,接,衷,妻,姜,麦,萎,夏,奏,葵,HSK7-9
孔,kǒng,hole,扎,北,轧,礼,比,批,拧,花,吼,HSK7-9
艾,ài,Chinese mugwort,丈,支,哎,友,仗,皮,文,叹,肢,HSK7-9
泰,tài,tranquil,暴,寨,潜,澄,裹,秦,落,裂,涩,HSK7-9
津,jīn,saliva,律,蒲,谨,洋,阔,裙,肆,灌,谁,HSK7-9
仁,rén,benevolence,信,忙,否,何,侄,亡,让,什,佳,HSK7-9
邦,bāng,nation,那,都,郑,郁,邪,部,耶,限,邮,HSK7-9
秦,qín,Qin,奏,拳,奉,轻,集,养,怪,读,嗓,HSK7-9
奴,nú,slave,双,妓,放,牧,效,妖,驭,饭,扳,HSK7-9
甘,gān,sweet,廿,土,古,苗,且,丰,中,百,士,HSK7-9
霍,huò,suddenly,霜,望,辈,奉,筐,请,羞,霉,掌,HSK7-9
氏,shì,family name,式,手,低,宅,斥,丢,先,民,丧,HSK7-9
凤,fèng,male phoenix,咸,风,成,伤,威,尿,伪,庞,为,HSK7-9
桑,sāng,mulberry,柔,嗓,奏,案,萎,委,绎,揉,娶,HSK7-9
仇,chóu,animosity,优,伪,机,仿,仍,饥,伤,凡,忧,HSK7-9
邪,xié,evil,郁,廊,那,邦,郎,都,郭,限,部,HSK7-9
巡,xún,patrol,淡,淫,遂,谈,姿,浅,逐,迹,涤,HSK7-9
剂,jì,dose,傍,宠,判,伤,榜,灯,唉,究,养,HSK7-9
孟,mèng,first month of the season,宝,军,享,芒,窑,宰,窖,谊,室,HSK7-9
邓,dèng,Deng,郑,郊,邻,郎,邦,限,那,廊,邪,HSK7-9
匆,cōng,hurried,勿,残,疲,叛,泼,波,效,焦,级,HSK7-9
廷,tíng,royal court,延,联,致,敌,送,授,竖,葵,政,HSK7-9
鸣,míng,to chirp,呜,鹊,鸭,息,捣,鸽,喝,恩,莺,HSK7-9
屈,qū,bend,届,岸,压,居,厘,庄,缸,臣,屉,HSK7-9
戈,gē,halberd,伐,尧,坟,攻,女,龙,艾,矣,玫,HSK7-9
冯,féng,Feng,泻,凉,码,弘,污,蚂,玛,妈,驼,HSK7-9
岂,qǐ,how,屯,岩,卓,苛,号,芭,已,宫,宜,HSK7-9
拳,quán,fist,秦,寨,筹,奉,塞,第,筝,攀,策,HSK7-9
隶,lì,slave,表,录,衷,装,丧,蛋,求,衰,葵,HSK7-9
仆,pú,servant,什,朴,补,扑,卜,仔,付,何,怀,HSK7-9
闷,mēn,stuffy,碗,惋,就,豌,恶,恋,览,预,既,HSK7-9
妥,tuǒ,appropriate,受,爱,委,采,姿,馁,发,跤,液,HSK7-9
耕,gēng,to plow,碟,韩,整,罐,犁,谍,辣,铺,桶,HSK7-9
斥,chì,to reprimand,斤,芹,所,诉,尽,垢,兵,折,长,HSK7-9
汪,wāng,puddle,汗,注,油,江,沽,沾,浊,洁,沮,HSK7-9
枚,méi,small object,权,枝,牧,极,板,校,杖,玫,处,HSK7-9
盯,dīng,to stare at,叮,呵,可,卫,吁,于,问,宁,节,HSK7-9
忌,jì,to shun,悬,急,怎,宽,意,挖,惹,毙,鸦,HSK7-9
鹏,péng,mythological bird,鹅,唬,舰,鸦,腕,鹤,腾,骗,施,HSK7-9
吻,wěn,to kiss,物,狮,畅,砌,锡,狗,哟,肠,咧,HSK7-9
奸,jiān,treacherous,姑,姓,妇,菇,如,娃,狂,姐,好,HSK7-9
泄,xiè,discharge,油,浩,茫,洁,汪,沽,注,浊,诺,HSK7-9
驳,bó,to refute,骇,波,骏,菠,嫂,绞,狡,效,泼,HSK7-9
咽,yān,throat,呕,困,团,框,菌,捆,匿,唱,函,HSK7-9
勾,gōu,cross out,幻,弦,纪,沟,窃,访,动,为,钩,HSK7-9
畏,wèi,to fear,袁,丧,哀,桌,莫,衰,呆,芽,良,HSK7-9
冈,gāng,ridge,区,岗,丙,京,抠,卤,牙,空,团,HSK7-9
斑,bān,spot,蜓,琐,壤,薪,攘,薄,螺,班,球,HSK7-9
扯,chě,to pull,址,扛,捏,掉,拄,牡,在,钻,措,HSK7-9
辽,liáo,distant,过,迎,还,退,迁,近,仔,边,拧,HSK7-9
朴,pǔ,plain,补,杯,林,根,杆,棺,扑,仆,怀,HSK7-9
孕,yùn,pregnant,李,序,学,字,夸,宠,茅,窝,旁,HSK7-9
驰,chí,to gallop,弛,驼,施,跪,能,她,鸦,鹅,胞,HSK7-9
匠,jiàng,craftsman,因,卤,团,囚,西,当,告,石,压,HSK7-9
芝,zhī,sesame,之,朵,眨,乏,芥,头,侯,柴,宋,HSK7-9
讶,yà,surprised,呀,谅,待,诗,评,悄,偿,腔,棕,HSK7-9
耻,chǐ,shame,壮,证,钻,谊,扛,扯,语,盐,在,HSK7-9
虹,hóng,rainbow,蛙,址,堪,扯,虾,牡,捏,咕,甚,HSK7-9
崩,bēng,to collapse,舶,腊,朝,朋,脏,房,胡,鹿,期,HSK7-9
匪,fěi,bandit,国,固,匿,皇,三,雨,量,堂,罪,HSK7-9
兆,zhào,omen,永,挑,泥,水,求,访,沧,论,逃,HSK7-9
耍,shuǎ,mess around,婴,第,损,婪,惠,策,弊,预,赛,HSK7-9
淮,huái,Huai,准,洋,渔,谁,澄,潘,涕,惟,湘,HSK7-9
玫,méi,rose,攻,坡,政,玻,牧,圾,技,敌,故,HSK7-9
旬,xún,group of ten,句,甸,苟,局,的,厅,旷,矿,另,HSK7-9
鼎,dǐng,cauldron,晴,啃,睛,唱,喧,哇,南,罩,罪,HSK7-9
亩,mǔ,Chinese acre,百,宙,王,干,面,玉,白,甲,吉,HSK7-9
鸦,yā,crow,鸡,捣,搅,揽,鸭,魂,愚,骑,就,HSK7-9
诈,zhà,to swindle,许,洒,酒,计,讨,让,窄,作,证,HSK7-9
厄,è,distress,见,包,危,兄,范,记,甩,冠,冗,HSK7-9
乞,qǐ,to beg,吃,艺,亿,乙,忆,孕,老,屹,序,HSK7-9
衍,yǎn,to develop,衔,裕,涕,符,滔,待,淳,涡,淀,HSK7-9
祈,qí,to pray,析,诉,斩,很,径,拆,听,折,歼,HSK7-9
棚,péng,shed,税,橱,腺,榜,糊,械,俯,概,绷,HSK7-9
栖,qī,perch,柿,牺,捆,棺,晒,棋,柄,桩,酝,HSK7-9
斩,zhǎn,to chop,新,拆,惭,崭,折,斯,护,祈,断,HSK7-9
秃,tū,bald,秀,芬,朵,乔,奖,柴,盆,关,岔,HSK7-9
旱,hàn,drought,早,卓,章,呈,草,靠,罩,皇,辜,HSK7-9
烛,zhú,candle,蚀,独,烘,拱,浊,灶,怯,胡,棋,HSK7-9
骇,hài,to be shocked,驳,骏,级,骆,菠,猿,被,绞,驶,HSK7-9
芯,xīn,core,诧,域,苏,凉,忧,忘,花,蛇,冻,HSK7-9
朽,xiǔ,rotten,材,村,棺,标,和,杯,柱,梯,麻,HSK7-9
佣,yōng,servant,角,拥,佐,促,伊,护,研,徒,脏,HSK7-9
逗,dòu,to tease,造,逞,逼,退,追,寻,误,语,运,HSK7-9
甸,diàn,pasture,旬,句,苟,旷,矿,偶,拘,钙,何,HSK7-9
灿,càn,brilliant,焊,煌,灶,炯,仙,炬,悼,惦,炖,HSK7-9
囚,qiú,prisoner,因,西,巫,四,石,匠,医,齿,卤,HSK7-9
甩,shuǎi,to throw off,旭,无,先,月,厉,电,朋,舟,肥,HSK7-9
叮,dīng,to sting,盯,呵,可,卫,吁,于,宁,丁,问,HSK7-9
弘,hóng,great,冯,弦,诧,询,浪,勾,拘,幻,怎,HSK7-9
屿,yǔ,islet,蚂,峭,吗,坝,码,峙,踪,玛,冯,HSK7-9
妆,zhuāng,makeup,收,好,这,女,枝,敌,按,改,妹,HSK7-9
侣,lǚ,associate,但,启,店,告,铝,岩,石,伯,右,HSK7-9
丫,yā,girl,卜,仆,仔,补,斗,扑,予,孝,辽,HSK7-9
耿,gěng,dedicated,秋,坎,殃,砍,跌,吹,欺,政,欢,HSK7-9
匀,yún,uniform,均,习,访,刁,诉,勺,尽,勾,永,HSK7-9
叭,bā,horn,趴,扒,吩,盼,从,八,吹,认,仍,HSK7-9
拙,zhuō,clumsy,础,蛙,扯,掉,挂,描,措,峙,捏,HSK7-9
稚,zhì,childish,雅,稀,裸,难,粹,谁,棵,释,橙,HSK7-9
芽,yá,sprout,茉,荣,牙,志,卖,畏,某,李,芳,HSK7-9
斧,fǔ,axe,爸,爷,备,这,洛,各,绎,亥,葵,HSK7-9
删,shān,to delete,珊,舰,刷,厕,鹏,赫,辉,蹦,耀,HSK7-9
秉,bǐng,to grasp,渠,果,集,茉,柴,美,衷,兼,坚,HSK7-9
驯,xùn,to tame,端,骗,源,削,峭,剔,驼,煎,靖,HSK7-9
叨,dāo,to chatter,加,历,厉,旬,乃,刃,刑,伤,句,HSK7-9
旭,xù,rising sun,茄,甩,加,疤,助,功,尼,克,见,HSK7-9
枉,wǎng,crooked,桂,柱,杜,杠,柏,杆,相,柜,在,HSK7-9
讥,jī,ridicule,饥,巩,杭,肌,机,凡,为,吭,炕,HSK7-9
竿,gān,pole,牢,窑,苹,牵,座,罕,盘,笛,宰,HSK7-9
蚊,wén,mosquito,蚁,取,哎,玫,技,叹,肢,故,坟,HSK7-9
浊,zhuó,turbid,汪,注,沽,油,汗,淇,洪,活,泄,HSK7-9
扛,káng,to carry on the shoulder,扫,扯,扣,拓,在,钻,苛,节,壮,HSK7-9
杠,gàng,thick stick,杜,枉,棺,柱,杆,桂,相,柜,柏,HSK7-9
崛,jué,to rise abruptly,峙,蝗,掘,蝠,蝙,咖,哑,悼,峭,HSK7-9
抒,shū,to express,拧,拷,茅,抑,挖,花,杂,诧,舒,HSK7-9
徘,pái,to pace back and forth,绯,诽,催,祸,短,律,惟,啡,待,HSK7-9
扒,pá,to rake up,趴,叭,抓,扮,从,扔,坟,换,抄,HSK7-9
芭,bā,fragrant plant,屯,巴,电,岂,克,芦,异,民,皂,HSK7-9
屉,tì,drawer,席,屈,屋,库,罩,屑,岸,悍,惶,HSK7-9
阱,jǐng,pitfall,陡,阵,拼,阴,挫,萨,拐,劫,拌,HSK7-9
闸,zhá,sluice gate,阐,闹,闺,稿,谨,阔,词,蛮,哼,HSK7-9
卉,huì,grass,在,扯,庄,肚,扛,店,片,齿,屯,HSK7-9
弛,chí,to loosen,驰,拖,抱,舵,地,鸦,扼,刨,能,HSK7-9
猖,chāng,ferocious,猎,猩,猜,狸,狂,猫,狠,痕,猾,HSK7-9
驭,yù,to drive a horse,叔,放,殷,散,版,奴,双,取,败,HSK7-9
驮,tuó,to carry on the back,驶,殃,跌,族,歌,驭,娱,耿,涨,HSK7-9
炬,jù,torch,矩,宿,烟,右,坐,昨,怕,昼,柜,HSK7-9
沐,mù,to wash hair,沫,袜,洽,淋,述,还,珠,咪,汰,HSK7-9
酥,sū,shortbread,琳,蛛,珠,袜,麻,稣,抹,析,株,HSK7-9
诽,fěi,to slander,诺,啡,徘,诸,语,详,讳,惜,酒,HSK7-9
撬,qiào,to pry open,橇,搀,攘,携,稽,挚,撑,挣,撼,HSK7-9
刁,diāo,tricky,习,叼,匀,记,订,句,了,污,比,HSK7-9
冗,rǒng,superfluous,几,凡,咒,兄,元,九,见,吭,刀,HSK7-9
阂,hé,to obstruct,阁,率,容,奉,鉴,傻,累,筐,秦,HSK7-9
罗,luó,gauze,岁,歹,步,箩,萝,桨,泉,列,夜,HSK7-9
州,zhōu,state,训,灿,怀,恨,位,仆,吵,灶,忧,HSK7-9
亦,yì,also,尔,东,乐,灯,访,刘,你,杀,求,HSK7-9
泽,zé,swamp,济,译,潘,淆,涂,浸,凌,漫,潦,HSK7-9
伦,lún,human relations,论,抡,依,伐,价,衣,份,处,仓,HSK7-9
杨,yáng,poplar,扬,畅,肠,场,砌,初,瑟,锡,物,HSK7-9
刑,xíng,punishment,荆,加,茄,判,席,研,别,肺,师,HSK7-9
丹,dān,red,舟,召,另,牙,于,厅,亏,丐,尹,HSK7-9
赫,hè,glorious,胁,韧,协,狮,砌,规,憾,恢,拢,HSK7-9
艇,tǐng,light boat,搬,挺,饿,锻,糠,邀,魏,饶,酸,HSK7-9
凯,kǎi,triumphant,呢,坑,吭,剧,巩,现,别,罚,炯,HSK7-9
眉,méi,eyebrows,居,届,盾,肩,启,店,昼,倡,岸,HSK7-9
驱,qū,to urge on,躯,鸥,脑,抠,钢,骑,纲,恩,鸽,HSK7-9
柳,liǔ,willow,卿,聊,视,械,槐,梳,桃,卵,脚,HSK7-9
呈,chéng,submit,皇,旱,巨,曰,国,量,吾,章,吉,HSK7-9
腾,téng,to prance,膀,擎,搬,藤,颖,惑,磅,撼,鹤,HSK7-9
晋,jìn,to promote,曾,早,章,首,旱,兽,普,百,吾,HSK7-9
赤,chì,crimson,待,掠,亲,志,钥,宏,讶,拌,绊,HSK7-9
雾,wù,fog,擎,绩,惑,漾,慈,颖,诱,紫,窿,HSK7-9
丛,cóng,thicket,伏,侠,床,状,吹,庆,袱,份,价,HSK7-9
旨,zhǐ,purpose,皂,昏,皆,异,导,昆,指,尼,有,HSK7-9
抛,pāo,to toss,勃,扰,她,轨,撕,拢,城,拖,勘,HSK7-9
迈,mài,to stride,边,迟,近,远,选,访,送,过,迭,HSK7-9
诱,yòu,to entice,锈,绣,谤,饼,漾,饶,诞,钩,袋,HSK7-9
粒,lì,grain,粽,碰,继,栋,滥,标,惩,精,惊,HSK7-9
抚,fǔ,to comfort,扰,拐,抗,宪,玩,捉,巷,提,挟,HSK7-9
抑,yì,curb,仰,抒,批,拧,射,印,孙,饰,花,HSK7-9
哀,āi,grief,袁,衰,畏,衷,泉,表,丧,良,裳,HSK7-9
昆,kūn,descendants,毕,昂,号,皆,垦,肯,寻,享,皂,HSK7-9
伐,fá,to fell,代,龙,俄,侨,找,挨,袄,优,戈,HSK7-9
契,qì,contract,奥,势,染,族,养,突,膜,美,侯,HSK7-9
讼,sòng,to litigate,松,冷,公,冰,你,泳,炫,泌,饮,HSK7-9
尿,niào,urine,泉,腺,屎,房,痕,徒,脂,辰,钥,HSK7-9
芬,fēn,fragrance,盆,岔,秃,秀,芥,尖,龙,朵,奖,HSK7-9
蜂,fēng,bee,峰,蜘,蜓,择,铭,摊,橄,锋,摄,HSK7-9
苗,miáo,seedling,革,宙,丰,甘,苦,咀,亩,叶,岳,HSK7-9
丘,qiū,mound,舌,乓,乒,岳,岩,庄,告,土,古,HSK7-9
壳,ké,shell,亮,完,党,宪,克,竞,冠,旁,荒,HSK7-9
函,hán,envelope,抠,涵,商,却,捆,窄,菌,荐,帘,HSK7-9
昂,áng,high,昆,骨,肯,京,景,寻,扫,肖,宇,HSK7-9
夸,kuā,to exaggerate,李,奈,孕,旁,穿,争,穷,登,弈,HSK7-9
睁,zhēng,to open the eyes,蒲,踊,捧,摧,搓,择,眸,磋,桶,HSK7-9
携,xié,to take along,捞,拂,健,挺,截,攘,锈,艇,敷,HSK7-9
哼,hēng,snort,搞,词,崎,请,罚,谓,呜,祟,景,HSK7-9
胎,tāi,fetus,殆,怡,脂,朗,船,抬,钥,始,尿,HSK7-9
儒,rú,Confucian,糯,需,槛,篇,精,箭,锦,偏,傅,HSK7-9
姻,yīn,marriage,烟,如,矩,躯,脑,抠,洒,恼,牺,HSK7-9
卵,luǎn,eggs,射,视,既,祝,览,觉,附,预,巩,HSK7-9
遂,suì,to satisfy,逐,婆,姿,凌,逢,毅,隧,缘,矮,HSK7-9
肖,xiào,to resemble,有,泪,寺,俏,当,谊,宇,酒,泊,HSK7-9
羞,xiū,shy,塞,奉,差,搓,着,妻,寿,望,霍,HSK7-9
瞪,dèng,to glare,蹬,缅,橙,澄,暇,群,藻,渔,磋,HSK7-9
俘,fú,captive,茅,传,馅,倾,将,符,颈,得,债,HSK7-9
滩,tān,beach,涛,潦,雄,浏,激,潘,澈,淆,涤,HSK7-9
催,cuī,to urge,惟,样,徘,唯,程,柄,谁,律,祸,HSK7-9
胀,zhàng,to swell,张,账,涨,访,屁,帐,尿,助,很,HSK7-9
抹,mǒ,to smear,珠,昧,拴,袜,蛛,味,扶,妹,拾,HSK7-9
妄,wàng,absurd,姜,妻,宴,安,要,客,竖,丧,卖,HSK7-9
逝,shì,pass away,浙,逮,振,逊,斩,进,撕,渐,蜥,HSK7-9
盈,yíng,full,笛,盘,短,莓,窜,牌,留,座,碑,HSK7-9
翁,wēng,elderly man,嗡,袋,绩,诱,悉,资,念,综,恳,HSK7-9
浙,zhè,Zhejiang,渐,逝,淀,沏,浮,涕,溜,绿,潘,HSK7-9
吁,xū,gasp,节,时,苛,于,刊,担,盯,叮,扫,HSK7-9
框,kuàng,frame,植,桂,程,棺,柜,槁,粘,槽,杠,HSK7-9
吼,hǒu,to roar,批,耽,扼,扎,孔,帆,现,拖,轧,HSK7-9
摊,tān,stall,摧,橄,拂,蜓,铸,掐,斑,播,树,HSK7-9
耸,sǒng,to shrug,坚,香,看,客,拾,基,奋,卒,聋,HSK7-9
裸,luǒ,naked,棵,禅,踝,辣,袜,楼,课,裙,祥,HSK7-9
摧,cuī,to destroy,捕,捶,推,搓,捧,捅,蒲,押,播,HSK7-9
淋,lín,to drench,琳,株,袜,麻,彬,棵,梯,林,桥,HSK7-9
饥,jī,starving,讥,巩,炕,航,肌,仇,机,杭,视,HSK7-9
逢,féng,to come upon,蓬,篷,泽,凄,锋,凑,遂,鲨,浸,HSK7-9
翔,xiáng,to soar,翅,陈,蔬,谤,惑,炼,规,镜,锐,HSK7-9
巫,wū,witch,坐,囚,知,矩,炬,亚,厢,因,呕,HSK7-9
蠢,chǔn,clumsy,薄,螺,蟹,镯,覆,爵,巅,壤,蹲,HSK7-9
掘,jué,to dig,据,握,塘,堤,朝,提,崭,蝗,腥,HSK7-9
逮,dài,to arrest,违,递,逝,连,逛,凄,遛,遗,退,HSK7-9
晰,xī,clear,蜥,橱,桐,横,柿,粮,咐,根,种,HSK7-9
脊,jǐ,backbone,隶,表,装,康,爷,衷,泰,爸,裹,HSK7-9
刹,shā,to brake,栋,冻,粽,谢,拣,咙,剥,恋,销,HSK7-9
芒,máng,awn,苦,宝,莹,旱,早,吐,卓,苛,章,HSK7-9
筋,jīn,tendon,旋,傍,烧,筑,笼,族,胧,筷,伤,HSK7-9
焰,yàn,flame,熄,陷,熔,馅,煽,烦,炼,烤,纳,HSK7-9
恳,kěn,earnest,悬,怠,拯,瓷,窃,综,悉,惑,惹,HSK7-9
谱,pǔ,chart,请,语,谊,诺,谓,评,蔼,憎,普,HSK7-9
哎,āi,exclamation,叹,艾,玫,蚊,攻,咬,坟,故,仗,HSK7-9
巢,cháo,nest,果,要,集,坚,怪,兼,课,渠,竖,HSK7-9
吩,fēn,to instruct,盼,份,扮,分,伤,吹,仿,芬,朵,HSK7-9
吏,lì,government official,更,史,麦,央,使,夷,束,走,英,HSK7-9
恕,shù,to forgive,骚,海,媳,鸡,弦,弥,晚,钩,恳,HSK7-9
倦,juàn,tired,储,祷,筹,俺,衔,符,倒,诫,傍,HSK7-9
夷,yí,barbarian,美,芙,英,夹,吏,莫,男,秉,麦,HSK7-9
捧,pěng,to hold with both hands,搓,择,摔,捶,揍,摧,捅,垫,摆,HSK7-9
肾,shèn,kidney,督,窝,最,暂,嗜,寝,哲,穿,茅,HSK7-9
荐,jiàn,to recommend,存,著,等,幕,拦,字,孪,华,蒋,HSK7-9
哑,yǎ,mute,砸,监,亚,耐,瑞,踹,衅,崛,峭,HSK7-9
炭,tàn,charcoal,荧,盔,灵,灰,灾,赤,寂,嵌,盗,HSK7-9
眨,zhǎ,to blink,贬,乏,芝,之,乔,泛,尖,朵,秃,HSK7-9
舅,jiù,maternal uncle,寡,寞,勇,掌,募,蔓,易,男,寝,HSK7-9
昧,mèi,dim,味,眯,抹,珠,咪,谋,根,袜,蛛,HSK7-9
谍,dié,espionage,谋,课,碟,模,禁,操,禅,探,躁,HSK7-9
龟,guī,tortoise,色,免,争,兔,艳,巷,老,挣,鬼,HSK7-9
姜,jiāng,ginger,妻,妄,宴,要,萎,轰,麦,接,菱,HSK7-9
肆,sì,four,辖,蒲,搓,铺,摔,谨,棒,津,辅,HSK7-9
泣,qì,to weep,滨,凉,消,泻,淀,淳,淌,冻,法,HSK7-9
屡,lǚ,repeatedly,履,厦,庭,菊,廉,犀,磨,寇,摩,HSK7-9
溢,yì,to overflow,浑,渔,读,深,涩,渣,湘,溜,淳,HSK7-9
丸,wán,pill,光,九,先,抚,尤,抗,对,执,扰,HSK7-9
厢,xiāng,side room,矩,棺,柜,知,程,相,框,炬,植,HSK7-9
谜,mí,riddle,糙,剩,渊,继,粽,稳,迷,踩,料,HSK7-9
阎,yán,lane gate,箭,闹,简,筒,阀,闯,蔼,精,阅,HSK7-9
卸,xiè,to unload,却,即,讳,时,布,钉,钙,诺,野,HSK7-9
娶,qǔ,to take a wife,轰,萎,委,爱,葵,奏,援,接,段,HSK7-9
沫,mò,foam,沐,珠,袜,深,渣,咪,决,洽,述,HSK7-9
嗓,sǎng,throat,桑,秦,傻,唉,楼,兼,揉,婪,梨,HSK7-9
焚,fén,to burn,煲,梦,透,款,迷,瑟,荧,婪,途,HSK7-9
菊,jú,chrysanthemum,梅,探,第,惹,侮,蒋,腐,楚,等,HSK7-9
稻,dào,rice plant,睬,蹈,谣,滔,踩,橙,稚,榴,馅,HSK7-9
迄,qì,until,挖,货,窃,吃,逃,怎,弦,怠,杂,HSK7-9
蜀,shǔ,Sichuan,萄,蜜,蔼,幕,惠,野,崎,患,塑,HSK7-9
泌,mì,to secrete,泳,必,沟,冰,淤,沙,讼,汤,沁,HSK7-9
枢,shū,hub,呕,抠,和,躯,柄,巫,棺,杠,恼,HSK7-9
鹤,hè,crane,静,嘴,鸭,蟹,陶,掏,镜,膊,唬,HSK7-9
蚀,shí,to corrode,烛,馆,填,浊,钟,琐,饵,瑚,怯,HSK7-9
霜,shuāng,frost,稿,谨,霍,精,请,霞,擅,槁,犁,HSK7-9
捆,kǔn,bundle,抠,栖,框,粘,拓,虾,植,棺,档,HSK7-9
丙,bǐng,third,内,岗,冈,因,肉,矩,尹,西,吞,HSK7-9
犬,quǎn,dog,大,矢,失,天,夫,关,庆,央,夹,HSK7-9
奠,diàn,to establish,寞,奥,莫,案,侯,寡,臭,卖,旁,HSK7-9
荫,yìn,shade,萨,堕,悲,损,萌,鹊,陡,脖,氓,HSK7-9
茎,jīng,stem,李,芽,窄,香,蛋,卖,季,妄,字,HSK7-9
凳,dèng,stool,势,挎,染,晓,氛,契,卷,挖,冤,HSK7-9
烁,shuò,bright,炫,你,减,讼,渺,似,炒,钞,松,HSK7-9
毯,tǎn,blanket,毅,烫,线,黎,遂,缘,滚,缀,掺,HSK7-9
泻,xiè,diarrhea,淳,冯,溃,污,混,渴,清,烹,消,HSK7-9
晤,wù,to meet,暗,罪,咱,菲,距,咀,晴,唱,南,HSK7-9
捣,dǎo,to pound,揭,鸣,拇,搏,鸦,鹊,损,鸭,呜,HSK7-9
旷,kuàng,spacious,矿,听,甸,句,旬,苟,呢,职,哈,HSK7-9
彬,bīn,elegant,淋,秒,核,袜,株,极,秽,松,校,HSK7-9
澄,chéng,clear,溜,渔,蹬,涕,潜,潘,淮,橙,淀,HSK7-9
萎,wěi,to wither,姜,葵,委,轰,妻,柔,菱,妄,娶,HSK7-9
滔,tāo,torrential,浮,溃,涕,淫,谣,溜,淀,浸,衍,HSK7-9
瞅,chǒu,to look at,锹,揪,微,嗽,漱,椒,秋,衡,砌,HSK7-9
佑,yòu,to bless,佐,作,伍,右,伸,住,伴,伊,伯,HSK7-9
冶,yě,to smelt,治,怡,抬,胎,台,殆,沼,沿,传,HSK7-9
搂,lǒu,to put one's arm around,楼,接,揍,拨,择,援,棱,释,救,HSK7-9
浏,liú,swift,涛,涕,滩,添,练,沏,涤,冻,浮,HSK7-9
呕,ǒu,to vomit,枢,咽,抠,困,躯,巫,匿,区,临,HSK7-9
萌,méng,to sprout,朝,胡,腊,弹,哨,挡,驻,肿,啪,HSK7-9
呐,nà,to shout,帖,柄,肿,晒,粘,帕,啪,咐,捆,HSK7-9
讳,huì,taboo,针,评,诗,诺,请,详,却,错,许,HSK7-9
琢,zhuó,chisel,啄,豚,玻,嫁,疲,披,菠,圾,坡,HSK7-9
胚,pēi,embryo,腔,倍,烟,短,矩,侄,府,赴,侍,HSK7-9
栓,shuān,plug,麻,检,棵,株,袜,材,拴,体,林,HSK7-9
汰,tài,to eliminate,沃,涂,浓,波,沫,决,沐,渡,浴,HSK7-9
徊,huái,to pace back and forth,呵,间,临,问,恒,喧,怔,呀,短,HSK7-9
惫,bèi,exhausted,条,揉,拎,贫,净,僚,舒,资,祭,HSK7-9
怠,dài,idle,急,恳,悬,鸿,怎,馈,聪,意,惹,HSK7-9
崭,zhǎn,towering,护,握,锯,据,挫,塘,堤,斩,瘤,HSK7-9
揪,jiū,to hold tight,锹,掀,瞅,秋,称,椒,秘,漱,极,HSK7-9
捂,wǔ,to cover with one's hand,措,君,拓,审,市,扫,语,拒,错,HSK7-9
婪,lán,greedy,探,森,辣,轻,楚,菊,裸,速,棱,HSK7-9
祀,sì,to offer sacrifice,礼,记,疤,花,朽,纪,苟,有,射,HSK7-9
岔,chà,to diverge,盆,芬,秀,芥,求,尖,桨,泉,哀,HSK7-9
饵,ěr,bait,馆,蚀,怯,饪,填,站,环,丢,去,HSK7-9
隘,ài,narrow,溢,阵,磕,赔,密,悲,陪,蒋,蕴,HSK7-9
剔,tī,to pick out,削,易,惕,锡,踢,剃,闹,猾,赐,HSK7-9
拴,shuān,to tie,捨,拾,抹,搭,择,珠,栓,扶,轻,HSK7-9
涤,dí,to wash,涂,滚,溪,凌,姿,浇,淆,淫,泽,HSK7-9
拽,zhuài,to pull,挤,拼,找,拐,挟,接,战,按,执,HSK7-9
睬,cǎi,to notice,踩,稻,眯,深,裸,秽,澡,咪,蹈,HSK7-9
捍,hàn,to defend,掉,描,捏,苛,措,挂,峙,搞,挡,HSK7-9
侃,kǎn,upright,慌,荒,祝,炖,勋,呢,航,览,杭,HSK7-9
蕾,lěi,flower bud,晴,睛,瞎,喧,嘻,南,曹,董,雷,HSK7-9
啃,kěn,to nibble,晴,常,睛,副,搞,晶,唱,呵,喧,HSK7-9
筐,kuāng,basket,辈,管,闺,磊,窖,型,墨,蓄,署,HSK7-9
磊,lěi,pile of stones,碧,福,窖,幕,侄,晕,语,室,墓,HSK7-9
筝,zhēng,kite,寨,第,谤,拷,绪,蜜,祷,拳,跨,HSK7-9
掐,qiā,pinch,瑰,捅,播,搭,揭,择,拷,荐,梅,HSK7-9
倔,jué,stubborn,扁,僧,偶,屉,掘,偏,倡,塘,碍,HSK7-9
橙,chéng,orange,粹,蹬,裸,瞪,祷,榴,榕,检,榨,HSK7-9
酣,hān,heartily,酷,醋,担,拍,苗,抽,串,革,晒,HSK7-9
叼,diāo,hold in the mouth,钙,巧,何,朽,号,与,亏,闭,守,HSK7-9
汛,xùn,flood,讯,试,汽,污,况,沉,湖,询,忧,HSK7-9
讹,é,to extort,符,弥,桃,沈,衔,诫,溉,秘,孙,HSK7-9
屹,yì,towering,吃,花,忆,挖,抒,老,礼,亿,乞,HSK7-9
抡,lūn,to swing,抢,论,伦,轮,拎,疮,枪,沧,呛,HSK7-9
椰,yē,coconut,哪,邻,挪,柳,郎,郁,郊,槐,邪,HSK7-9
灸,jiǔ,moxibustion,炎,多,姿,彩,移,痰,烫,煲,绞,HSK7-9
焊,hàn,to weld,煌,痹,灿,炯,炬,得,烟,赃,判,HSK7-9
抠,kōu,to dig out,躯,枢,捆,呕,函,却,恼,拓,冈,HSK7-9
掰,bāi,to break off,饿,艇,缎,锈,锻,娥,悠,缴,激,HSK7-9
沏,qī,to infuse,浙,汤,钧,绿,烤,钓,钩,浮,荡,HSK7-9
兰,lán,orchid,三,当,亡,豆,平,宝,堂,章,音,HSK7-9
洲,zhōu,continent,渊,泣,淀,源,衍,测,惕,涮,渺,HSK7-9
伊,yī,they,佐,佑,侠,保,仔,俱,侯,使,侦,HSK7-9
伯,bó,father's older brother,估,店,右,但,怕,借,庄,侣,在,HSK7-9
莫,mò,nobody,吴,臭,桌,寞,是,畏,芽,某,定,HSK7-9
唐,táng,Tang dynasty,屋,雇,崖,眉,库,庸,售,屑,属,HSK7-9
君,jūn,monarch,审,智,吞,捂,崔,若,春,右,暮,HSK7-9
宋,sòng,Song Dynasty,朱,来,术,末,床,荣,未,本,木,HSK7-9
丝,sī,silk,垒,察,舷,袋,俘,经,绪,箩,拳,HSK7-9
迹,jì,trace,逃,逊,选,恋,递,迄,弥,炫,途,HSK7-9
朱,zhū,vermilion,未,末,宋,来,术,米,木,本,床,HSK7-9
役,yì,service,设,股,投,授,没,疫,板,彼,务,HSK7-9
杜,dù,to prevent,杠,杆,枉,桂,柱,棺,社,粘,柜,HSK7-9
荒,huāng,wasteland,壳,慌,冠,宪,玩,荆,院,吭,侃,HSK7-9
瑞,ruì,auspicious,揣,踹,峙,喘,端,带,捍,锦,幕,HSK7-9
御,yù,to resist,衔,卿,慨,饰,衡,喊,德,憾,诫,HSK7-9
伏,fú,to bend over,侠,状,仗,价,失,快,庆,休,矢,HSK7-9
岩,yán,rock,早,宝,百,但,右,告,齿,卓,吉,HSK7-9
荡,dàng,to swing,鲨,扬,药,涩,续,绩,漾,淆,葱,HSK7-9
迪,dí,to enlighten,道,迫,追,适,速,造,逼,逞,埋,HSK7-9
掩,yǎn,conceal,拖,俺,掏,搏,瑰,挎,捣,拷,晓,HSK7-9
拟,nǐ,to draft,似,挑,姚,振,逊,跳,城,浙,炫,HSK7-9
伪,wěi,bogus,伤,优,为,仿,仇,仍,初,傍,侠,HSK7-9
柔,róu,soft,矣,揉,桑,委,案,萎,季,葵,秀,HSK7-9
芳,fāng,fragrant,旁,劳,宪,芽,房,茄,宠,党,苟,HSK7-9
脉,mài,blood vessels,咏,涨,旅,腺,冰,族,浆,歇,般,HSK7-9
柏,bǎi,cypress,柜,相,枉,怕,枯,杠,柱,桂,植,HSK7-9
兽,shòu,beast,宫,曾,富,晶,旱,害,普,堂,晋,HSK7-9
涌,yǒng,to gush,浦,诵,淆,涡,治,潘,滴,演,净,HSK7-9
筹,chóu,chip,拳,急,寨,第,惹,等,攀,擦,策,HSK7-9
阁,gé,pavilion,诸,率,窘,诺,商,窝,诵,寄,阀,HSK7-9
衰,shuāi,to decline,袁,哀,衷,裳,畏,表,装,李,录,HSK7-9
仲,zhòng,middle,伸,什,估,伴,件,住,任,伯,冲,HSK7-9
仗,zhàng,battle,使,伏,丈,友,仅,叹,杖,失,侠,HSK7-9
玄,xuán,mysterious,矛,杀,予,冶,丢,考,茅,孝,传,HSK7-9
苍,cāng,ashen,茶,疮,芥,仓,抢,芬,沧,柴,抡,HSK7-9
抖,dǒu,to tremble,持,拌,插,捎,拧,扑,押,抬,掠,HSK7-9
齿,chǐ,teeth,岩,宝,因,缸,卤,芒,担,叶,西,HSK7-9
捷,jié,nimble,提,拼,摧,拥,蔑,捉,据,握,募,HSK7-9
削,xuē,to pare,前,制,剔,剃,别,峭,咐,哨,箭,HSK7-9
沃,wò,fertile,汰,袄,浓,决,涂,没,跃,济,波,HSK7-9
雇,gù,to hire,屏,屋,库,唐,售,屑,牌,犀,短,HSK7-9
莲,lián,lotus,连,遇,通,违,蓬,速,遗,避,读,HSK7-9
岳,yuè,wife's parents,击,臣,苗,宙,中,世,串,丰,丘,HSK7-9
舱,cāng,cabin,抢,创,脆,舵,航,呛,疮,筋,宛,HSK7-9
俊,jùn,handsome,峻,绞,饺,铰,凌,液,绎,竣,络,HSK7-9
呵,hē,to berate,叮,盯,问,间,可,喧,吁,唱,晴,HSK7-9
妖,yāo,bewitching,妓,牧,饭,玫,敌,奴,姊,扳,攻,HSK7-9
妨,fáng,to hinder,奶,劝,妒,姊,旅,肪,殷,胶,好,HSK7-9
郁,yù,depressed,邪,郭,都,那,郎,部,邦,廊,耶,HSK7-9
溜,liū,to glide,溃,滴,缔,谤,澄,涕,溢,综,海,HSK7-9
穴,xué,cave,尖,六,兴,吵,贝,灭,为,灯,小,HSK7-9
卓,zhuó,outstanding,草,旱,早,罩,昔,苦,皇,占,芒,HSK7-9
茫,máng,boundless,诺,诗,浩,洁,语,错,评,泄,针,HSK7-9
剥,bāo,to peel,掠,铜,刺,刹,拣,销,混,润,撑,HSK7-9
喘,chuǎn,to gasp,踹,砸,瑞,啼,揣,鼎,端,晴,副,HSK7-9
浑,hún,muddy,溢,渔,谣,润,深,溃,淳,涩,洋,HSK7-9
爹,diē,dad,修,诊,渗,珍,多,参,灸,掺,趁,HSK7-9
酬,chóu,reward,牺,酝,醉,萧,栖,悔,墟,醇,荐,HSK7-9
泊,bó,to moor,泪,沾,沽,沮,洁,油,浩,汪,活,HSK7-9
贾,gǔ,merchant,赏,贵,贡,员,责,页,贯,票,贺,HSK7-9
涛,tāo,large waves,瀑,淆,涕,练,港,沸,潦,潘,凑,HSK7-9
悠,yōu,drawn out,缎,馁,竣,徽,铰,矫,峻,骏,微,HSK7-9
卑,bēi,inferior,单,窜,革,审,啤,智,宝,宰,早,HSK7-9
翅,chì,wing,寂,蔽,翔,舔,殴,越,裁,额,庭,HSK7-9
蛮,mán,barbaric,评,室,许,空,侄,弯,罕,窑,临,HSK7-9
歧,qí,fork in the road,技,坡,玫,鼓,政,块,玻,攻,坟,HSK7-9
勉,miǎn,strive,尬,扮,族,换,焕,筋,舱,挽,炮,HSK7-9
佐,zuǒ,assistant,佑,伊,住,伍,左,作,伴,胚,俱,HSK7-9
咐,fù,to instruct,桐,怖,棕,惊,晾,哗,哨,档,悄,HSK7-9
拘,jū,to detain,抱,掏,扼,跑,饱,蛇,呢,拐,询,HSK7-9
婴,yīng,baby,樱,耍,策,窥,瓷,第,颖,婪,赛,HSK7-9
庸,yōng,mediocre,属,唐,瞻,屑,屏,扁,周,膳,扇,HSK7-9
枯,kū,withered,柏,估,枉,柱,在,桂,牡,相,怕,HSK7-9
渊,yuān,abyss,继,洲,粒,粽,深,谜,淋,栋,粮,HSK7-9
藤,téng,rattan,载,搁,静,额,磋,辅,裁,镑,截,HSK7-9
挪,nuó,to move,哪,娜,绑,椰,瓶,那,势,挠,抛,HSK7-9
脂,zhī,fat,指,胎,尿,脖,皆,鹿,留,匙,船,HSK7-9
罕,hǎn,rare,空,至,室,牢,车,窑,半,侄,歪,HSK7-9
挽,wǎn,to pull,换,挨,挠,挣,挤,找,拼,挺,埃,HSK7-9
骚,sāo,to disturb,骆,媳,骄,跌,跨,婿,毁,骑,馒,HSK7-9
拓,tuò,to develop,扫,扛,若,钻,扣,布,控,担,在,HSK7-9
歪,wāi,askew,查,宝,谊,至,当,否,牢,罕,半,HSK7-9
粘,zhān,to glue,桂,棺,相,杠,柏,枉,档,钻,柜,HSK7-9
柄,bǐng,handle,柿,祸,梢,和,棺,栖,枢,村,榨,HSK7-9
棍,gùn,rod,销,梢,损,刺,棉,捎,棕,橱,标,HSK7-9
惹,rě,to provoke,垮,悬,擦,愚,意,急,惠,挎,菊,HSK7-9
媚,mèi,to flatter,娘,嬉,殖,敲,妒,猎,猖,锯,皱,HSK7-9
漆,qī,paint,涤,滚,泽,淫,涂,浅,缕,溪,洛,HSK7-9
膝,xī,knee,救,猴,黎,斜,拨,缎,绿,矮,猿,HSK7-9
辰,chén,sign of the dragon,定,晨,尿,层,哀,痕,畏,展,渠,HSK7-9
舶,bó,big boat,腊,脏,脾,昭,胖,胆,胜,肝,朗,HSK7-9
讽,fěng,to mock,枫,诫,纲,诚,钢,疯,风,观,贿,HSK7-9
涵,hán,culvert,洒,润,诸,诺,函,谐,棕,酒,诵,HSK7-9
僵,jiāng,stiff,谭,僧,谓,蕾,懂,福,喂,晴,喧,HSK7-9
肢,zhī,limb,友,股,皮,技,攻,玻,玫,扳,蚊,HSK7-9
茅,máo,straw,穿,窝,序,季,李,蒋,录,荐,孝,HSK7-9
舆,yú,carriage,专,填,粪,典,砖,宾,慎,益,卖,HSK7-9
杭,háng,Hangzhou,机,祝,抗,枕,忧,恍,吭,究,讥,HSK7-9
凄,qī,bitter cold,凑,逮,妻,递,逢,凌,浸,接,裹,HSK7-9
浸,jìn,to immerse,漫,凌,渡,凑,泽,淀,奏,凄,济,HSK7-9
贞,zhēn,loyal,页,员,贵,贝,贡,侦,责,坝,质,HSK7-9
坟,fén,tomb,攻,玫,技,蚊,哎,仗,歧,改,收,HSK7-9
哨,shào,whistle,晾,悄,捎,挡,萌,梢,俏,呀,碍,HSK7-9
昔,xī,the past,宜,草,直,百,卓,早,吾,首,旱,HSK7-9
谬,miù,erroneous,寥,惨,掺,鲨,参,修,荡,羡,逐,HSK7-9
蓬,péng,disheveled,篷,莲,逢,寨,递,鲨,凄,遥,瑟,HSK7-9
沾,zhān,to moisten,沽,泊,泪,汪,油,江,汗,洁,沮,HSK7-9
桶,tǒng,bucket,诵,椅,捅,橘,棒,梯,铺,柿,榴,HSK7-9
垒,lěi,rampart,茅,蒋,蜜,等,裔,穿,套,率,素,HSK7-9
霉,méi,mildew,霍,雹,霞,譬,掌,震,舅,驾,惠,HSK7-9
杖,zhàng,cane,枝,权,枚,仗,收,使,伏,扶,快,HSK7-9
轴,zhóu,axle,捕,袖,轩,蛙,哺,蝉,钳,钟,埋,HSK7-9
攀,pān,to climb,擦,筹,拳,探,惹,菊,寨,祷,薪,HSK7-9
芦,lú,reed,声,片,店,庙,窟,昼,庄,月,居,HSK7-9
沼,zhǎo,marsh,沿,治,洽,污,沪,消,渣,潜,浪,HSK7-9
祷,dǎo,to pray,铸,衔,储,裙,树,橙,粹,筝,馅,HSK7-9
熙,xī,splendid,照,燕,蔗,期,羔,烈,蕉,焦,黑,HSK7-9
哗,huá,to clamor,咙,咐,倘,挥,精,磕,犁,碍,傅,HSK7-9
胳,gē,arm,腹,赂,骆,敌,略,路,敢,格,络,HSK7-9
竖,shù,vertical,坚,怪,举,妄,轻,莽,赶,客,芽,HSK7-9
峻,jùn,lofty,竣,俊,凌,骏,绞,铰,悠,饺,较,HSK7-9
屑,xiè,bits,犀,肩,唇,厚,扇,屋,局,层,库,HSK7-9
渗,shèn,to seep,掺,滚,参,惨,修,缘,黎,诊,烫,HSK7-9
荆,jīng,vitex,唠,刑,勒,摸,剃,拂,模,勘,兢,HSK7-9
雁,yàn,wild goose,厢,牌,短,痴,磋,知,腥,雇,煌,HSK7-9
诵,sòng,to read aloud,桶,蜜,诸,诺,涌,椅,舒,阁,涵,HSK7-9
醇,chún,mellow wine,碧,暂,著,醒,醉,薯,莓,崎,型,HSK7-9
笛,dí,bamboo flute,鱼,竿,盈,辟,客,君,盘,替,窑,HSK7-9
瞄,miáo,to take aim,呻,蝗,畔,睦,础,瞎,碑,蜡,晤,HSK7-9
篷,péng,covering,蓬,逢,缝,隧,繁,擎,锋,葱,缕,HSK7-9
淹,yān,to flood,港,潦,淆,净,浇,瀑,渐,钓,钧,HSK7-9
卒,zú,soldier,弃,牵,垄,翠,李,弈,窄,率,窘,HSK7-9
妒,dù,to be jealous,娘,妨,始,好,姊,护,改,媚,如,HSK7-9
燥,zào,dry,臊,煤,煽,煌,澡,藻,焊,歌,操,HSK7-9
侮,wǔ,to insult,悔,梅,腐,傅,菊,莓,算,鸽,每,HSK7-9
狡,jiǎo,crafty,胶,绞,狭,饺,效,娇,铰,驳,叛,HSK7-9
阀,fá,valve,精,怖,阁,祸,阎,挥,阅,惰,裤,HSK7-9
灶,zào,cooking stove,性,住,壮,炬,针,供,钻,伴,惦,HSK7-9
凿,záo,bore a hole,睦,南,显,蓝,壶,型,匿,晴,画,HSK7-9
畴,chóu,category,铸,摊,铺,帷,摧,辆,锦,祷,踊,HSK7-9
蝇,yíng,fly,搏,摘,聘,魄,掏,瑰,螺,靶,蝴,HSK7-9
沪,hù,Shanghai,消,沼,浪,滨,治,泥,沿,凉,法,HSK7-9
萝,luó,radish,岁,罗,衰,最,袁,畏,步,身,箩,HSK7-9
汹,xiōng,turbulent,涵,洒,钢,涡,纲,栋,闪,利,法,HSK7-9
拯,zhěng,to rescue,捡,球,挎,探,揉,恳,踏,毁,垮,HSK7-9
诫,jiè,to admonish,诚,械,讽,咙,憾,衔,栋,储,筑,HSK7-9
伺,cì,to wait upon,停,何,信,词,哼,请,惰,闯,荷,HSK7-9
梢,shāo,treetop,稍,档,根,销,俏,悄,粘,柄,标,HSK7-9
噪,zào,to chirp,躁,嗅,操,喂,藻,澡,稿,谍,槁,HSK7-9
盏,zhǎn,small cup,搓,轰,接,菱,择,落,捧,降,妻,HSK7-9
匿,nì,to hide,围,国,闺,皇,匪,困,磊,童,南,HSK7-9
缸,gāng,vat,吐,叶,佳,盐,芒,宝,节,在,枉,HSK7-9
觅,mì,to seek,觉,贸,览,贺,恳,搅,颈,宽,预,HSK7-9
诀,jué,knack,决,峡,挟,快,铁,状,跌,怪,衷,HSK7-9
虾,xiā,shrimp,堪,虹,钻,增,惜,宿,扣,卧,钟,HSK7-9
屯,tún,to stockpile,电,岂,芭,韦,卉,巾,于,击,克,HSK7-9
灼,zhuó,to scorch,炮,炉,炊,炕,约,办,狗,劝,访,HSK7-9
沮,jǔ,to stop,泪,泊,油,沽,汪,洁,沾,寺,浩,HSK7-9
俏,qiào,good-looking,侍,梢,悄,肖,哨,有,待,倍,情,HSK7-9
烫,tàng,to scald,淡,谈,渗,炎,黎,灸,痰,掺,修,HSK7-9
歹,dǎi,evil,罗,岁,步,外,夕,失,夜,矢,金,HSK7-9
葱,cōng,onion,荡,锈,感,撼,隧,擎,簇,惑,锻,HSK7-9
桨,jiǎng,oar,奖,笑,秀,柴,浆,梁,盆,芬,菜,HSK7-9
戳,chuō,to jab,载,截,键,裁,健,镶,撼,耀,轿,HSK7-9
趴,pā,to lie prone,叭,扒,欣,从,吹,认,耿,坎,炒,HSK7-9
酌,zhuó,pour wine,射,附,耽,猾,瑰,酿,悔,谢,魁,HSK7-9
肪,fáng,animal fat,仿,朋,脱,妨,访,助,成,肤,劝,HSK7-9
沧,cāng,dark blue,论,抢,呛,永,泡,冰,抡,疮,拎,HSK7-9
揣,chuǎi,to conjecture,瑞,踹,耐,端,喘,肺,带,制,吨,HSK7-9
橱,chú,cabinet,栋,粽,碌,街,倒,标,棍,树,榴,HSK7-9
弧,hú,arc,孤,狐,旅,涨,低,循,贩,派,纸,HSK7-9
吭,kēng,to utter,坑,抗,党,杭,阿,别,见,亮,判,HSK7-9
侈,chǐ,extravagant,哆,移,多,衫,够,修,俊,杉,梦,HSK7-9
猾,huá,crafty,韵,猜,脖,猛,钥,猎,贿,猩,骑,HSK7-9
皂,zào,soap,昆,异,旨,昏,尼,导,葛,毕,民,HSK7-9
狈,bèi,legendary wolf,犹,狼,狩,猿,账,涨,狗,狠,族,HSK7-9
苛,kē,exacting,节,吁,萤,苦,莹,芒,扫,旱,虽,HSK7-9
秽,huì,dirty,秩,核,梦,校,极,裂,殊,棱,裸,HSK7-9
搓,cuō,to rub with the hands,捧,羞,摧,捶,挫,蒲,择,塞,推,HSK7-9
兢,jīng,cautious,荆,规,摸,藏,戚,膜,戒,越,锐,HSK7-9
髦,máo,fashionable,聚,掺,笔,彥,惨,寥,爹,谬,逐,HSK7-9
扳,bān,to pull,披,板,饭,玻,版,玫,彼,肢,技,HSK7-9
逞,chěng,to flaunt,逗,追,逼,造,适,道,退,迪,请,HSK7-9
哆,duō,to tremble,侈,移,够,多,梦,咳,衫,锣,彭,HSK7-9
骏,jùn,steed,竣,缓,激,缎,缴,骇,驳,峻,绣,HSK7-9
掺,chān,to mix,惨,渗,谬,修,参,珍,寥,豫,缘,HSK7-9
炊,chuī,to cook,欢,饮,欣,次,欲,砍,炒,伙,纷,HSK7-9
隧,suì,tunnel,缝,毅,葱,邀,陵,轿,遂,疑,魏,HSK7-9
捅,tǒng,to poke,捕,桶,掐,捧,搏,搁,押,摧,踊,HSK7-9
酝,yùn,to brew,著,堵,晒,牺,暮,堪,酷,醇,酒,HSK7-9
抨,pēng,to verbally attack,坪,拌,控,拄,吁,轩,挡,扛,拓,HSK7-9
荧,yíng,glimmer,炭,灵,灾,煲,诀,苏,频,寂,灰,HSK7-9
呛,qiāng,to choke,抢,枪,创,疮,沧,抡,舱,除,苍,HSK7-9
乒,pīng,ping,乓,兵,丘,具,宾,舌,其,县,真,HSK7-9
烹,pēng,to cook,淳,泻,溃,泣,凉,源,淌,润,混,HSK7-9
咏,yǒng,to chant,脉,冰,弥,泳,浆,砍,察,除,永,HSK7-9
沽,gū,to buy,沾,泊,洁,油,汪,浩,活,话,泪,HSK7-9
乓,pāng,pong,乒,兵,丘,具,宾,县,卡,其,舌,HSK7-9
秧,yāng,seedling,秩,桥,袄,殃,铁,挟,联,跌,秋,HSK7-9
溉,gài,to irrigate,慨,概,秘,既,钩,冻,锁,弥,溜,HSK7-9
囱,cōng,chimney,卤,图,区,团,因,医,巫,窗,躯,HSK7-9
捎,shāo,to bring,掠,挡,拌,捐,持,销,哨,插,梢,HSK7-9
秤,chèng,scale,标,棵,禅,样,粹,程,榨,箱,梯,HSK7-9
卤,lǔ,thick gravy,因,囱,区,岗,音,团,智,齿,菌,HSK7-9
馅,xiàn,filling,饰,饼,储,缔,符,馈,焰,馒,祷,HSK7-9
蘸,zhàn,to dip,螺,攘,黯,薪,瑰,辑,酵,壤,静,HSK7-9
挎,kuà,carry on the arm,垮,拷,跨,捞,挖,惹,骑,鸡,拯,HSK7-9
馁,něi,to be discouraged,铰,饺,缓,悠,竣,跤,较,激,凌,HSK7-9
酗,xù,to drink excessively,酝,酿,牺,酬,纲,蘸,墟,胸,酌,HSK7-9
拄,zhǔ,lean on,控,拌,扯,挂,括,抨,捏,措,牡,HSK7-9
孪,luán,twins,弯,学,尝,室,等,字,窍,窖,荐,HSK7-9
臊,sào,shy,膜,躁,燥,藻,腺,操,澡,敲,噪,HSK7-9
弈,yì,Go,弃,奔,孪,每,宠,蒋,裔,卒,奕,HSK7-9
遛,liù,to stroll,遇,遗,递,通,避,逛,遵,邀,逮,HSK7-9
斯,sī,this,折,捉,护,所,拆,斩,新,歼,提,HSK7-9
陈,chén,to exhibit,栋,隙,炼,冻,拣,附,际,翔,谤,HSK7-9
欧,ōu,Europe,殴,欺,赵,砍,难,吹,焰,秩,殊,HSK7-9
鲁,lǔ,rude,售,暑,谱,垦,倡,借,暮,普,管,HSK7-9
勒,lè,to rein in,勘,荆,勤,嘲,掏,拂,唠,蝶,佛,HSK7-9
奥,ào,profound,突,懊,冤,奠,臭,契,架,案,侯,HSK7-9
俄,é,Russia,哦,饿,拢,伐,找,我,猪,烧,筑,HSK7-9
萨,sà,bodhisattva,堕,阵,蒋,荫,菊,陪,都,莓,垫,HSK7-9
郑,zhèng,Zheng,邓,郊,邦,那,邻,邪,限,除,都,HSK7-9
吴,wú,Wu,莫,桌,臭,是,另,定,哭,呆,足,HSK7-9
皆,jiē,all,毕,指,昏,哲,昆,背,春,著,望,HSK7-9
荷,hé,lotus,椅,碍,诺,诗,特,侍,捍,荐,堡,HSK7-9
黎,lí,black,竣,滚,缘,涤,缝,膝,绣,渗,缓,HSK7-9
侦,zhēn,detect,候,优,质,促,侯,恨,侠,伊,供,HSK7-9
腊,là,cured meat,腥,膛,脾,暗,舶,牌,盟,萌,朝,HSK7-9
勃,bó,vigorous,捞,蜴,苏,劲,拢,振,募,砌,猜,HSK7-9
牧,mù,to herd,玫,攻,枚,发,妓,彼,收,敌,效,HSK7-9
腹,fù,abdomen,敏,服,散,胳,敲,骆,殷,援,毁,HSK7-9
狱,yù,prison,钦,粉,秋,绒,锹,猴,欲,矫,砍,HSK7-9
惑,huò,bewildered,感,恳,镜,撼,颖,窥,绩,翔,雾,HSK7-9
陶,táo,pottery,鹤,唬,掏,隐,鸭,糖,镜,愚,魂,HSK7-9
帐,zhàng,tent,胀,恨,张,侦,根,帅,很,项,棍,HSK7-9
猎,liè,to hunt,猖,猫,猜,狂,猩,狸,猪,猾,娃,HSK7-9
逊,xùn,modest,迹,逝,拟,揪,跳,逃,浙,桃,秘,HSK7-9
燕,yàn,swallow,照,熙,期,羔,蔗,烈,蒸,蹬,糕,HSK7-9
狼,láng,wolf,狠,猿,浪,猜,娘,狭,痕,狈,狩,HSK7-9
遥,yáo,remote,谣,逛,连,递,遛,莲,蓬,避,滔,HSK7-9
敦,dūn,sincere,教,绿,墩,段,嫂,激,菠,救,较,HSK7-9
粹,cuì,pure,橙,秤,饼,祥,碎,糙,箱,储,梯,HSK7-9
秩,zhì,order,秧,铁,校,桥,殊,秽,跌,袄,秋,HSK7-9
纽,niǔ,knob,缅,期,绊,扭,钮,缤,细,缩,绍,HSK7-9
纹,wén,pattern,放,攻,牧,饭,彼,汉,玫,绞,胶,HSK7-9
渔,yú,fishing,溢,湘,浑,淮,禅,盗,洋,缅,涩,HSK7-9
兹,zī,this,舷,磁,炫,滋,弦,袋,瓷,垒,钩,HSK7-9
弥,mí,to fill,咏,钓,鸿,恋,涨,弦,税,锐,你,HSK7-9
晃,huàng,to sway,宪,旁,克,完,男,党,竞,另,亮,HSK7-9
郭,guō,outer walls,部,郁,廓,陪,都,阿,亮,邪,旁,HSK7-9
惩,chéng,to punish,粽,恶,想,德,悲,损,箭,绵,蒜,HSK7-9
劫,jié,to rob,动,苏,劲,域,峡,挟,戒,协,战,HSK7-9
祸,huò,misfortune,柄,锅,阀,福,涡,褐,诬,得,裤,HSK7-9
唇,chún,lips,屑,犀,屠,屋,晨,层,厚,肩,扇,HSK7-9
庙,miào,temple,店,庄,届,右,压,宙,启,左,肚,HSK7-9
愚,yú,stupid,惹,惠,驾,悬,意,鸦,魂,竭,急,HSK7-9
萧,xiāo,desolate,肃,慕,型,蔚,蒂,锦,幕,博,惰,HSK7-9
姿,zī,posture,婆,凌,涤,绞,遂,该,孩,缕,资,HSK7-9
辱,rǔ,disgrace,意,等,蒋,窝,裔,学,酱,寄,寇,HSK7-9
辨,biàn,to differentiate,辩,砌,磅,熄,越,焰,颇,镑,颖,HSK7-9
哦,ó,doubt,俄,饿,娥,我,蛾,载,拢,划,裁,HSK7-9
谨,jǐn,careful,霜,阐,闺,阔,请,闸,津,课,语,HSK7-9
爵,jué,nobility,薄,销,蹄,嚼,聘,摆,蔼,鲸,缚,HSK7-9
笼,lóng,cage,筷,袋,挨,筋,矫,埃,疑,烧,策,HSK7-9
桂,guì,cinnamon,枉,杜,植,框,杠,柱,粘,佳,棺,HSK7-9
贤,xián,worthy,贷,贺,货,资,贯,赁,买,贸,贪,HSK7-9
饲,sì,to feed,询,词,铜,滴,谐,涧,饰,馆,润,HSK7-9
逆,nì,to go against,送,迭,英,连,类,界,遗,竖,这,HSK7-9
罩,zhào,to cover,皇,唱,旱,卓,靠,曹,辜,国,喧,HSK7-9
拦,lán,impede,控,军,些,字,荐,挥,挡,寻,宰,HSK7-9
亭,tíng,kiosk,享,高,号,哥,寻,亨,写,宣,景,HSK7-9
僧,sēng,Buddhist monk,憎,偶,碍,福,惰,碑,懂,僵,植,HSK7-9
猩,xīng,orangutan,狸,猎,猖,猜,猛,猫,摸,腥,锯,HSK7-9
畜,chù,livestock,窘,窗,窒,率,暑,垦,奢,酱,署,HSK7-9
嫁,jià,to marry,豚,缘,疲,嫉,娇,琢,豫,毅,嫂,HSK7-9
潘,pān,Pan,灌,泽,潜,淆,澄,洋,淮,涌,涕,HSK7-9
赐,cì,to grant,顾,颇,踢,剔,锡,赚,煽,贼,顽,HSK7-9
筒,tǒng,tube,简,闯,筐,阎,商,厨,赔,掌,鸣,HSK7-9
棋,qí,chess,桩,根,柱,慎,梢,麻,珠,标,栖,HSK7-9
誓,shì,vow,譬,暂,掌,管,臂,望,幕,碧,障,HSK7-9
倘,tǎng,if,躺,哗,鸽,咐,涧,得,荷,饲,淌,HSK7-9
蔽,bì,to cover,弊,翅,殴,舔,樱,藤,寂,庭,额,HSK7-9
遮,zhē,to cover,递,逮,退,连,违,遗,遇,逝,遍,HSK7-9
嘱,zhǔ,to urge,瞩,糖,咖,颗,赠,澜,稠,瞻,幢,HSK7-9
衷,zhōng,inner feelings,表,袁,隶,衰,银,装,哀,丧,轰,HSK7-9
浦,pǔ,riverside,涌,沛,涡,法,注,汗,蒲,洋,销,HSK7-9
鹅,é,goose,翘,撼,瓶,跪,施,鹏,镜,揽,搬,HSK7-9
脖,bó,neck,脾,鸽,骑,悲,船,钥,猾,铅,留,HSK7-9
翠,cuì,emerald green,窒,窘,窗,牵,率,窖,裔,卒,窑,HSK7-9
萍,píng,duckweed,讲,洋,浩,洁,茫,诗,牲,详,特,HSK7-9
凑,còu,to gather together,奏,瀑,潦,凄,淆,浸,凌,涛,揍,HSK7-9
溪,xī,creek,滚,涤,缕,浅,凌,济,浇,竣,姿,HSK7-9
禅,chán,meditation,眸,祥,课,谁,秤,裸,绅,碎,样,HSK7-9
阐,chǎn,to expound,闸,闺,墨,瞎,闹,墅,型,谨,割,HSK7-9
谎,huǎng,lie,德,慌,蒜,惩,愤,顿,揽,镜,箭,HSK7-9
菩,pú,bodhisattva,幸,普,音,章,墓,宰,莹,苹,苦,HSK7-9
岭,lǐng,mountain range,怜,吟,伶,玲,铃,拎,冷,徐,绘,HSK7-9
弦,xián,bowstring,窃,舷,跨,诧,穷,缤,综,垮,韵,HSK7-9
钉,dīng,nail,订,针,钙,讨,打,诗,讳,词,罚,HSK7-9
叠,dié,to pile up,蓄,替,管,图,督,畜,窘,窗,窜,HSK7-9
坠,zhuì,to fall,盔,弈,菊,寇,题,屡,惹,密,蒋,HSK7-9
瓷,cí,porcelain,恳,资,窃,扬,拯,毙,饶,袭,瑟,HSK7-9
啸,xiào,to whistle,咖,萧,砸,顿,肃,刷,碳,嘲,咧,HSK7-9
茂,mào,lush,庞,茄,戒,肤,成,夹,蔑,挟,英,HSK7-9
袍,páo,gown,饱,抱,呛,炮,泡,跑,创,拘,刨,HSK7-9
衔,xián,title,储,祷,衍,御,锡,衡,馅,符,街,HSK7-9
弊,bì,fraud,蔽,樱,趟,辉,糙,耍,麟,载,藤,HSK7-9
蒸,zhēng,to steam,煮,淀,蹬,绽,缤,裂,澄,溜,绩,HSK7-9
拢,lǒng,to draw near,扰,拼,捞,咙,找,划,拷,挠,揉,HSK7-9
搁,gē,to put aside,摘,挥,捅,踊,揭,蹄,褐,摔,搏,HSK7-9
媳,xí,daughter-in-law,姆,媲,婿,嫦,婚,骚,妈,猛,膀,HSK7-9
膨,péng,to inflate,激,溯,续,绿,谈,款,墩,缴,缎,HSK7-9
兑,duì,to convert,党,克,兄,完,竞,元,另,光,先,HSK7-9
辐,fú,spoke,幕,瞎,薯,曙,睹,福,醒,磊,挥,HSK7-9
躁,zào,impetuous,踝,藻,噪,操,澡,臊,谍,喂,碟,HSK7-9
凰,huáng,female phoenix,摩,氧,属,庸,周,虐,鼠,厚,廓,HSK7-9
塌,tā,to collapse,墙,堤,挡,搞,增,捍,蝠,碍,荷,HSK7-9
掀,xiān,uncover,揪,撕,锹,欺,砍,狱,秋,旅,钦,HSK7-9
乖,guāi,well-behaved,悲,荐,谐,脖,请,录,存,钉,毕,HSK7-9
捏,niē,to pinch,措,挂,掉,扯,拄,描,扛,捍,拒,HSK7-9
虏,lǔ,captive,虎,虔,虑,勃,毙,扔,脂,虐,旗,HSK7-9
匙,chí,spoon,起,房,脂,张,柴,超,摸,拐,抚,HSK7-9
钥,yào,key,银,锯,朗,铅,脖,病,销,鹿,绢,HSK7-9
株,zhū,tree stump,袜,麻,林,棵,淋,琳,栓,眯,珠,HSK7-9
剖,pōu,to cut open,晾,赔,培,商,前,帝,搞,闯,悟,HSK7-9
淘,táo,to rinse,涝,湾,海,涕,漂,涩,潮,哟,溃,HSK7-9
嫩,nèn,tender,嫌,撤,辙,橄,姨,敷,教,傲,嫂,HSK7-9
捞,lāo,to dredge up,挎,拂,拷,摸,拢,唠,苏,勃,境,HSK7-9
鄙,bǐ,low,郭,部,邮,搞,骂,喝,鹊,隔,劈,HSK7-9
兜,dōu,pocket,党,况,舵,悦,抗,脱,充,恍,究,HSK7-9
怡,yí,joyful,胎,惧,恰,恨,倍,冶,馆,台,悄,HSK7-9
贬,biǎn,to diminish,眨,泛,劣,乏,笑,份,奖,秀,役,HSK7-9
敞,chǎng,spacious,敬,艘,吸,破,被,散,叛,致,毁,HSK7-9
蜡,là,wax,蝠,蝗,增,蛙,蜻,醋,描,酷,措,HSK7-9
谣,yáo,rumor,蹈,浑,摇,涩,溢,稻,溃,渔,嗦,HSK7-9
枕,zhěn,pillow,杭,耽,忧,扰,机,桃,优,棍,槐,HSK7-9
浆,jiāng,thick liquid,奖,袋,桨,设,秀,咏,贫,察,脉,HSK7-9
躬,gōng,to bow,鸽,强,呜,的,剖,射,引,朗,脖,HSK7-9
昼,zhòu,daytime,倡,借,眉,乍,暮,查,星,炬,是,HSK7-9
藻,zǎo,algae,澡,躁,臊,操,噪,漠,燥,谍,蹬,HSK7-9
募,mù,to recruit,寡,摸,巷,握,超,提,猩,垫,掐,HSK7-9
耽,dān,to delay,现,扰,枕,轨,既,瑰,炖,规,境,HSK7-9
陋,lòu,crude,阿,捆,恩,烟,鸥,啊,郭,郁,鸭,HSK7-9
虐,nüè,cruel,虚,属,屑,厚,唇,情,驾,掌,屠,HSK7-9
喇,lǎ,horn,澜,颗,刺,碟,莉,啼,槛,桐,幢,HSK7-9
沸,fèi,to boil,涕,涛,港,纬,练,钱,跤,涝,铰,HSK7-9
遏,è,restrain,遇,遵,惠,遗,意,褐,竭,通,揭,HSK7-9
栋,dòng,building,粽,标,拣,棕,树,刹,陈,探,橱,HSK7-9
莽,mǎng,rude,葬,竖,奔,举,择,葵,坚,卒,垄,HSK7-9
诧,chà,to be surprised,抒,花,讨,弦,污,混,乖,鸿,窃,HSK7-9
惕,tì,watchful,锡,褐,易,蜴,愣,踢,慷,惭,剔,HSK7-9
腥,xīng,fishy,膛,腊,脾,碍,朝,盟,牌,瞎,蕴,HSK7-9
潭,tán,deep pool,谭,温,稿,湿,谓,润,滴,滥,涧,HSK7-9
涡,wō,whirlpool,锅,浦,洒,滑,渣,淳,涵,谅,祸,HSK7-9
酿,niàng,to brew,蜻,酝,牺,银,慎,醋,酷,酌,蹭,HSK7-9
暮,mù,sunset,墓,著,署,春,薯,垦,者,暑,葛,HSK7-9
娥,é,moon goddess,饿,哦,戏,撤,姥,姨,激,澈,缴,HSK7-9
挠,náo,to scratch,挽,挨,拢,找,扰,晓,投,拖,烧,HSK7-9
稼,jià,crops,像,橡,秩,慑,锡,棱,裂,核,嫁,HSK7-9
哺,bǔ,to feed,畔,呻,韩,啤,轴,瞎,牌,晴,唾,HSK7-9
矢,shǐ,dart,失,犬,天,夫,关,央,大,夹,庆,HSK7-9
帜,zhì,banner,职,识,积,惊,晾,忠,咐,呢,原,HSK7-9
揉,róu,to knead,柔,挺,葵,挨,茅,拯,揍,择,拢,HSK7-9
蔓,màn,climbing vine,曼,寞,莫,臭,嘎,寝,寡,夏,宴,HSK7-9
虔,qián,pious,度,虏,葵,康,毁,复,腹,般,敏,HSK7-9
畔,pàn,side,呻,哺,啤,碑,瞄,睦,眸,辟,样,HSK7-9
碟,dié,saucer,谍,辣,模,耕,蝶,躁,莉,操,唠,HSK7-9
胧,lóng,hazy,航,脱,旋,犹,咙,脆,腕,拢,舵,HSK7-9
蹦,bèng,to hop,藏,蹄,蔬,兢,踢,螃,麟,珊,蝴,HSK7-9
裔,yì,descendant,蒋,酱,窝,商,蜜,翠,弈,穿,窒,HSK7-9
熄,xī,to extinguish,烦,炼,焰,愣,烤,颇,炖,煽,舵,HSK7-9
浇,jiāo,to water,济,绕,浅,涤,港,淹,姿,没,凑,HSK7-9
棘,jí,thorn bushes,刺,剩,赖,槐,粮,棵,械,嗽,糙,HSK7-9
聋,lóng,deaf,垄,奢,葬,窘,著,眷,酱,奋,春,HSK7-9
撇,piē,to cast aside,撤,撒,辙,搬,糠,獭,蔽,徽,瓶,HSK7-9
蛙,wā,frog,挂,堪,虹,蜡,措,描,蝗,捏,埋,HSK7-9
惭,cán,ashamed,慷,斩,慑,例,新,惕,储,愧,裤,HSK7-9
钙,gài,calcium,钉,判,弹,讳,卸,罚,张,窍,针,HSK7-9
礁,jiāo,reef,瞧,糕,舔,确,雄,饼,衡,糙,瀚,HSK7-9
瞻,zhān,look upward,庸,瞩,惰,僧,赌,懂,裤,侮,属,HSK7-9
拣,jiǎn,to select,拷,掠,栋,陈,摆,刹,销,炼,冻,HSK7-9
慑,shè,to fear,慷,惭,裂,摄,庭,锡,瘫,皱,猪,HSK7-9
绷,bēng,to stretch taut,溯,纺,绸,绒,棚,验,绽,微,绑,HSK7-9
翘,qiào,to turn upward,鹅,舰,瓶,规,撼,魁,施,翔,窥,HSK7-9
淌,tǎng,to drip,消,洞,溃,淳,滴,滨,询,凉,润,HSK7-9
牡,mǔ,male,扯,址,拄,壮,在,肚,虹,枯,扛,HSK7-9
缀,zhuì,to sew,缓,泼,竣,毅,缕,怒,滚,熬,激,HSK7-9
挚,zhì,sincere,帮,垫,擎,撑,驾,薪,惠,镜,酵,HSK7-9
迭,dié,to alternate,送,这,达,逸,葵,述,速,连,逆,HSK7-9
咙,lóng,throat,愣,哗,就,拢,刹,既,筛,呢,愧,HSK7-9
沛,pèi,copious,浦,汗,活,法,汁,注,油,汪,消,HSK7-9
垦,kěn,to reclaim land,暑,室,暮,享,墓,署,者,窖,军,HSK7-9
柬,jiǎn,letter,束,果,栗,来,荣,某,茉,呆,架,HSK7-9
氓,máng,hoodlum,眠,民,武,招,瓦,玩,志,拇,抨,HSK7-9
煽,shān,to fan a fire,熄,燥,焰,慷,熔,砌,烦,颇,编,HSK7-9
舵,duò,rudder,航,鸡,能,鸦,挖,熄,宠,锐,杂,HSK7-9
赁,lìn,to rent,贺,贤,债,责,质,贷,贵,贯,贪,HSK7-9
婿,xù,son-in-law,婚,姆,媳,嫦,姥,猪,猜,娘,骚,HSK7-9
卦,guà,divination symbols,盐,扑,措,捏,挂,壮,赴,牡,扯,HSK7-9
韧,rèn,pliable but strong,砌,赫,越,扬,趟,谎,锡,规,唠,HSK7-9
憋,biē,to hold back,徽,愁,撼,悠,锈,耀,麟,惑,弊,HSK7-9
粤,yuè,Guangdong,莺,鸣,骂,鸟,乌,喝,呜,写,号,HSK7-9
拧,nǐng,to twist,持,打,抒,押,钉,控,扑,花,批,HSK7-9
肇,zhào,to cause,奉,馨,霍,寨,警,蜜,誓,整,辖,HSK7-9
恤,xù,to sympathize,临,监,怔,惜,耐,悼,悍,憎,帅,HSK7-9
铝,lǚ,aluminum,钻,距,语,扫,担,坦,侣,智,昭,HSK7-9
砌,qì,to lay brick,锡,彻,咙,磅,辨,杨,畅,规,煽,HSK7-9
靶,bǎ,target,艳,蝇,盹,聘,葡,嘲,吧,搏,勒,HSK7-9
孵,fū,to hatch,缆,您,硫,疏,滤,隐,揽,慈,颂,HSK7-9
淆,xiáo,confused,潦,涛,瀑,港,涕,泽,涌,潘,淹,HSK7-9
菇,gū,mushroom,娃,姑,姓,奸,牲,括,挫,辞,狂,HSK7-9
炫,xuàn,show off,炼,烤,烁,幼,绘,讼,弦,钩,舷,HSK7-9
瞩,zhǔ,to gaze,嘱,膊,瞻,赠,黯,融,蝙,嚷,锦,HSK7-9
闺,guī,small arched door,围,匿,南,筐,阐,惶,辈,闸,瞎,HSK7-9
蹬,dēng,step on,瞪,橙,蹈,踢,缅,澄,溜,绯,藻,HSK7-9
袱,fú,wrapping cloth,秋,欣,砍,伏,伙,份,吹,粉,极,HSK7-9
殴,ōu,to beat up,寂,般,赵,蔽,翅,毁,庭,欧,策,HSK7-9
嬉,xī,to play,握,据,猖,猎,媚,堤,锯,嫦,膳,HSK7-9
拎,līn,to lift with one's hand,玲,铃,绘,轮,冷,贫,论,徐,怜,HSK7-9
搀,chān,take by the arm,馋,挣,瀑,淆,撼,紫,斜,葱,钓,HSK7-9
唠,láo,to chatter,荆,捞,喷,趟,摸,想,磅,劈,模,HSK7-9
揍,zòu,to beat,接,搂,捧,择,挺,揉,挨,铸,拂,HSK7-9
拌,bàn,to mix,挡,拄,抨,插,挫,括,封,捎,讲,HSK7-9
刨,bào,to shave off,胞,弛,跑,抱,饱,袍,鸦,拘,创,HSK7-9
竣,jùn,to complete,绞,缓,骏,峻,泼,缎,馁,凌,悠,HSK7-9
馋,chán,gluttonous,搀,缝,链,涤,锻,瀑,软,淆,凝,HSK7-9
炖,dùn,to stew,熄,忧,恍,耽,愣,协,坑,附,抗,HSK7-9
绯,fēi,red,徘,缅,绊,绅,缩,绪,蹬,读,缤,HSK7-9
涝,lào,waterlogged,溃,漠,捞,烤,钩,澳,洗,涩,谤,HSK7-9
盹,dǔn,nap,吨,肿,萌,腊,陆,弹,吁,朝,描,HSK7-9
煲,bāo,cooking pot,焚,梦,签,荧,羡,影,膨,绩,锣,HSK7-9
赵,zhào,Zhao,致,殴,毁,跤,跌,煤,敞,散,墩,HSK7-9
袭,xí,to raid,裂,察,设,揉,袋,绎,葵,猪,惫,HSK7-9
侠,xiá,knight-errant,伏,状,快,夹,侯,失,仗,朱,使,HSK7-9
韩,hán,Korea,哺,鞋,薛,捍,耕,瞎,割,捕,撞,HSK7-9
隆,lóng,grand,降,窿,庭,筝,陷,寨,鲨,揍,稽,HSK7-9
宙,zhòu,universe,亩,苗,审,革,宝,羊,虽,丰,再,HSK7-9
撒,sā,to let go,撤,辙,敷,撇,摊,拂,搬,散,糠,HSK7-9
艘,sōu,boat,般,敞,毁,敬,殿,散,艇,殷,嫂,HSK7-9
慈,cí,kind,辫,饶,惑,锈,诱,雾,愁,磁,凝,HSK7-9
佩,pèi,to admire,侧,俯,顺,卿,胁,饥,喊,账,帆,HSK7-9
帕,pà,handkerchief,帖,柏,怕,幅,扣,担,钻,粘,虾,HSK7-9
垂,chuí,to droop,甫,理,崔,埋,串,重,审,唾,单,HSK7-9
惧,jù,to fear,慎,恨,悄,馆,惜,怡,酒,洒,站,HSK7-9
澳,ào,bay,漠,唉,懊,想,溃,颈,模,涝,愣,HSK7-9
辖,xiá,to administer,肆,辐,整,铺,割,静,辅,辑,墅,HSK7-9
割,gē,to cut apart,瞎,辐,辖,阐,副,闺,博,蕾,搞,HSK7-9
尘,chén,dust,计,住,许,书,社,壮,空,柱,证,HSK7-9
峡,xiá,gorge,缺,挟,诀,快,映,跌,联,侠,殃,HSK7-9
怖,bù,to be scared,棕,惊,咐,惰,阀,栋,标,棉,却,HSK7-9
稀,xī,scarce,释,稚,楼,粹,裸,摊,树,祷,籍,HSK7-9
履,lǚ,shoe,屠,屡,厦,赌,悔,腐,超,易,展,HSK7-9
坛,tán,altar,培,站,坪,拦,堵,红,茫,尝,针,HSK7-9
覆,fù,to overturn,整,褐,履,寨,募,襄,翼,蠢,锡,HSK7-9
唤,huàn,to call out,唉,喉,换,殃,焕,候,缺,秧,兔,HSK7-9
霸,bà,tyrant,静,囊,摘,膊,聘,瞩,黯,嚷,嘱,HSK7-9
赴,fù,to go to,赶,捉,徒,定,竖,茉,促,快,卦,HSK7-9
庞,páng,huge,宠,寇,庭,戒,房,或,痴,起,成,HSK7-9
侍,shì,to serve,俏,待,诗,伴,付,针,荷,伟,何,HSK7-9
劣,liè,inferior,务,秀,芬,奖,贬,贫,尖,笑,秃,HSK7-9
鹰,yīng,hawk,虚,腐,摩,魔,篇,赡,顽,题,侮,HSK7-9
滋,zī,to nourish,练,浮,添,涤,兹,浏,涕,潦,炫,HSK7-9
痕,hén,scar,很,浪,狠,泉,尿,哀,袁,恨,良,HSK7-9
毅,yì,resolute,缓,教,缘,婆,拨,骏,矮,敦,豫,HSK7-9
蓄,xù,to save up,幕,管,窖,辈,莓,筐,薯,挥,蜜,HSK7-9
竭,jié,to use up,悲,褐,惠,靖,骑,驾,愚,虚,跨,HSK7-9
贼,zéi,thief,戚,诚,旋,颇,感,减,赐,购,赋,HSK7-9
蜜,mì,honey,塑,诵,率,裔,摔,窝,等,蜀,蓄,HSK7-9
狭,xiá,narrow,获,猿,狡,胶,放,殷,狼,券,殃,HSK7-9
霞,xiá,rosy clouds,霜,霍,露,霉,雷,舅,震,蕾,望,HSK7-9
疆,jiāng,border,聘,融,膊,鳄,喂,颗,幢,鹊,啼,HSK7-9
鹿,lù,deer,屁,钥,朋,底,展,脂,助,服,锯,HSK7-9
锡,xī,tin,踢,蜴,砌,畅,惕,锯,镑,铸,祷,HSK7-9
矣,yǐ,did,尖,柔,类,芬,奖,秀,葵,奕,乔,HSK7-9
灌,guàn,to irrigate,潘,湘,满,洋,潮,裸,潜,渔,津,HSK7-9
孝,xiào,filial piety,考,老,茅,字,存,窝,学,荐,垄,HSK7-9
嫂,sǎo,elder brother's wife,菠,敦,姨,披,段,驳,妓,被,敢,HSK7-9
矩,jǔ,square,炬,知,短,昨,坐,厢,智,暗,辟,HSK7-9
慨,kǎi,indignant,概,溉,憾,既,德,诫,御,惭,谢,HSK7-9
狮,shī,lion,砌,吻,胁,赫,咧,慷,彻,御,煽,HSK7-9
砍,kǎn,to chop,吹,钦,欺,欢,秋,坎,饮,欲,欣,HSK7-9
坑,kēng,pit,抗,吭,坊,况,玩,巩,忧,芳,杭,HSK7-9
陌,mò,footpath,阻,阳,昭,陆,陪,西,尹,胆,矩,HSK7-9
窄,zhǎi,narrow,穿,套,室,空,暮,垦,罕,者,尝,HSK7-9
崖,yá,cliff,岸,唐,厘,屋,重,靠,雷,南,董,HSK7-9
钩,gōu,hook,钓,练,钧,烤,哟,锐,涝,锁,窃,HSK7-9
嚷,rǎng,to shout,壤,铺,籍,镯,襄,嚼,黯,辖,嗦,HSK7-9
腺,xiàn,gland,尿,膜,脖,服,臊,躲,族,脱,船,HSK7-9
俯,fǔ,to bow,例,府,棚,忧,倾,橱,附,构,视,HSK7-9
厦,shà,tall building,屡,履,夏,屏,最,晨,臭,屑,易,HSK7-9
饶,ráo,to spare,烧,饿,绕,锈,锐,诱,凝,疑,矫,HSK7-9
煌,huáng,brilliant,焊,惶,灿,模,痹,燥,短,炯,误,HSK7-9
滥,làn,indiscriminate,碰,槛,湿,粒,溢,浑,粽,怖,润,HSK7-9
滞,zhì,stagnant,潮,漂,湖,溃,湘,浑,演,灌,滴,HSK7-9
躯,qū,human body,抠,驱,脑,枢,呕,恼,囱,姻,矩,HSK7-9
寨,zhài,stockade,暴,拳,筝,撑,筹,擦,赛,塑,读,HSK7-9
嘲,cháo,to ridicule,喂,啪,勒,啼,碟,唠,荆,蝗,幢,HSK7-9
雀,què,sparrow,客,番,看,容,眷,春,着,谁,奢,HSK7-9
撕,sī,to tear,嘶,掀,蜥,逝,蛾,惭,蜓,攘,揪,HSK7-9
逸,yì,to escape,迭,途,选,递,遗,设,埃,葵,透,HSK7-9
勋,xūn,merit,顽,规,航,颊,财,炖,房,顶,别,HSK7-9
砖,zhuān,brick,碎,诺,眸,诸,禅,传,晾,碑,诬,HSK7-9
陡,dǒu,steep,阱,阴,限,阵,抚,那,拐,超,邦,HSK7-9
搏,bó,to wrestle,博,挥,锦,捣,揭,捅,摆,聘,拇,HSK7-9
瞎,xiā,blind,睛,晴,睦,辐,蕾,壁,暗,割,南,HSK7-9
冤,yuān,injustice,宠,第,兔,突,鬼,奥,唉,奕,寇,HSK7-9
绑,bǎng,to tie up,娜,烧,辨,绒,骄,绷,挪,糠,哪,HSK7-9
挫,cuò,to frustrate,拌,牲,诺,控,推,错,挡,堵,摆,HSK7-9
绣,xiù,embroidery,缎,锈,绒,绕,缴,绞,诱,缓,骏,HSK7-9
膊,bó,arm,鸭,搏,聘,鹊,脖,薄,摘,锦,魄,HSK7-9
帆,fān,sail,吼,现,柳,巩,视,耽,卿,饥,规,HSK7-9
堤,dī,dike,提,捉,挡,塌,捏,崭,赶,培,绰,HSK7-9
贩,fàn,trader,版,叛,饭,彼,敞,板,扳,被,殷,HSK7-9
桩,zhuāng,stake,棋,柱,根,析,麻,杜,标,袖,社,HSK7-9
瑰,guī,marvelous,魂,掐,魄,揭,愧,酵,跨,魁,攘,HSK7-9
韵,yùn,rhyme,猾,骑,谤,溜,窃,弦,绢,钧,钥,HSK7-9
钧,jūn,30 Chinese pounds,钓,钩,约,韵,沏,沟,均,资,汤,HSK7-9
豹,bào,leopard,貌,豚,缘,嫁,痰,疲,骇,级,毅,HSK7-9
哄,hǒng,to coax,拱,职,泄,供,性,拙,忠,共,惜,HSK7-9
碌,lù,commonplace,银,掠,锅,珠,销,谋,铅,待,钥,HSK7-9
绅,shēn,gentry,绰,细,钟,禅,红,结,诺,缅,神,HSK7-9
贿,huì,to bribe,赌,愣,猾,赠,倾,烦,熄,预,炯,HSK7-9
呜,wū,hum,鸣,鹊,鸭,鸟,鸽,乌,息,吗,哼,HSK7-9
拱,gǒng,arch,哄,供,共,拄,拌,烛,棋,独,捉,HSK7-9
勘,kān,to survey,勒,萄,掏,捣,荆,蜴,拂,脾,唠,HSK7-9
贱,jiàn,cheap,烧,溅,钱,践,威,骄,绕,陵,狈,HSK7-9
辜,gū,crime,靠,莹,旱,晕,罩,喜,董,草,章,HSK7-9
涯,yá,bank,温,湿,得,源,浩,漏,渔,湘,润,HSK7-9
倚,yǐ,to rely on,椅,寄,奇,酱,荐,崎,垄,荷,窝,HSK7-9
痒,yǎng,itch,痛,痴,瘤,病,短,举,怪,狂,辟,HSK7-9
莹,yíng,lustrous,幸,苦,辜,芒,旱,萤,靠,宝,南,HSK7-9
膏,gāo,paste,掌,管,晕,毫,亭,营,富,搞,骂,HSK7-9
垮,kuǎ,to collapse,跨,挎,拷,惹,窍,窃,蒋,境,菊,HSK7-9
棺,guān,coffin,杠,柜,相,杜,柱,粘,桂,植,杆,HSK7-9
鸽,gē,pigeon,鹊,鸭,呜,骑,鸣,患,脖,躬,侮,HSK7-9
纬,wěi,latitude,绪,绊,钥,斜,纤,绿,筝,落,药,HSK7-9
嗅,xiù,to smell,嘎,噪,臭,模,喂,硬,栗,男,啥,HSK7-9
熬,áo,to stew,激,热,熟,缕,教,怒,缓,馁,澈,HSK7-9
坪,píng,level ground,抨,培,钻,评,控,堵,拌,坛,针,HSK7-9
梳,shū,comb,硫,琉,德,械,揽,就,慌,疏,稳,HSK7-9
顷,qǐng,100 Chinese acres,项,悲,顶,坝,惊,损,滑,硕,踪,HSK7-9
嚼,jué,to chew,爵,瞬,糊,嚷,喷,颗,躺,薄,蹄,HSK7-9
羡,xiàn,to envy,绩,煲,姿,绿,鲨,裂,痰,瑟,续,HSK7-9
碳,tàn,carbon,趟,碰,顿,硕,砌,踢,谎,唠,德,HSK7-9
咧,liě,to grin,例,咖,咙,喊,砌,龄,稠,狮,剔,HSK7-9
溯,sù,to go upstream,激,绷,膨,愁,微,哟,溅,谈,沏,HSK7-9
焕,huàn,glowing,殃,换,族,败,敏,叙,唤,痪,笑,HSK7-9
坝,bà,dam,项,顷,损,屿,琐,踪,蛇,坑,侦,HSK7-9
挟,xié,to coerce,扶,块,快,峡,联,诀,拼,捉,埃,HSK7-9
腻,nì,tired of,赋,舰,贰,瘾,规,腕,缆,颖,顾,HSK7-9
瘫,tān,to be paralyzed,痴,嫉,慑,祷,橄,铸,嫦,熔,猪,HSK7-9
朦,méng,hazy,蒙,艘,膜,颇,绩,勃,韧,锡,貌,HSK7-9
嵌,qiàn,to inlay,缺,期,徒,跌,寂,峡,赶,敲,猫,HSK7-9
枣,zǎo,jujube,寒,资,暴,泰,清,赛,烹,裳,淳,HSK7-9
橡,xiàng,rubber tree,像,稼,豫,象,锋,棱,楼,释,橄,HSK7-9
粪,fèn,dung,举,舆,诸,读,益,卖,渣,穿,专,HSK7-9
俭,jiǎn,frugal,检,险,给,捡,脸,徐,伶,绘,经,HSK7-9
帖,tiě,invitation,帕,怕,钻,咕,掉,扣,悼,肿,扯,HSK7-9
缕,lǚ,thread,矮,婆,锋,滚,凌,拨,缓,教,姿,HSK7-9
廓,kuò,wide,廊,郭,郁,都,腐,陨,部,那,邪,HSK7-9
敛,liǎn,to restrain,叙,级,纹,败,饭,数,效,牧,敬,HSK7-9
彰,zhāng,conspicuous,影,彭,咳,煲,签,鉴,彩,梦,刻,HSK7-9
涕,tì,snot,沸,淆,淀,涛,溜,洋,澄,涂,滔,HSK7-9
绎,yì,to unravel,络,经,铭,设,俊,绘,奏,致,袭,HSK7-9
鞠,jū,to bow,镯,籍,翻,嘴,麟,颗,赖,糊,糖,HSK7-9
洽,qià,in agreement,沼,治,给,沿,沫,谷,浴,渣,径,HSK7-9
痰,tán,phlegm,羡,菠,凌,续,嫉,绞,姿,谈,滚,HSK7-9
峙,zhì,to stand erect,捍,挡,措,悼,掉,带,描,虾,捆,HSK7-9
靴,xuē,boots,鞠,镯,糊,翻,揽,掏,概,掩,鹤,HSK7-9
寥,liáo,few,谬,惨,参,掺,羡,鲨,穆,彥,修,HSK7-9
槐,huái,scholar tree,愧,榜,梯,瑰,雅,粮,魁,探,梅,HSK7-9
宵,xiāo,night,曾,莺,普,南,胃,窖,寓,商,碧,HSK7-9
衅,xìn,quarrel,蹄,畔,坪,蹭,抨,踪,增,钮,瑞,HSK7-9
畸,jī,lopsided,崎,椅,磕,醇,患,型,曙,商,犁,HSK7-9
唬,hǔ,to bluff,规,镜,鸦,虑,揽,现,陶,愚,鹤,HSK7-9
缉,jī,to arrest,装,绢,结,绰,红,绪,踏,煮,蛋,HSK7-9
渣,zhā,residue,注,淇,汪,洒,沫,滨,谋,淳,涡,HSK7-9
辙,zhé,rut,撤,撒,搬,澈,傲,糠,敷,嫩,娥,HSK7-9
潇,xiāo,deep and clear,湾,满,潮,渊,溯,涝,礁,漂,踢,HSK7-9
滤,lǜ,to filter,虑,颖,缆,怨,您,流,恳,锁,疏,HSK7-9
磋,cuō,to polish,棒,裙,整,箱,祷,眸,律,磕,搓,HSK7-9
烘,hōng,to warm by fire,烛,炉,拱,熄,炖,煤,织,积,炼,HSK7-9
赂,lù,to bribe,胳,铭,络,骆,政,改,败,敌,致,HSK7-9
瘟,wēn,epidemic,症,痹,癌,倡,层,屑,温,屋,焊,HSK7-9
剃,tì,to shave,梯,鸭,制,削,荆,刺,唠,愣,掏,HSK7-9
陨,yǔn,to fall,预,际,顶,院,觉,邪,郭,隔,损,HSK7-9
膳,shàn,meal,脖,膛,脾,嬉,膊,腥,庸,属,塑,HSK7-9
钳,qián,pliers,钻,枉,甜,堪,胜,拄,轩,柏,挂,HSK7-9
锈,xiù,rust,诱,绣,饶,矫,锻,愁,轿,钩,缝,HSK7-9
槛,kǎn,threshold,滥,精,啼,砸,棉,榴,橘,桐,幢,HSK7-9
筛,shāi,sieve,篇,硫,咙,梳,德,愣,预,筹,饰,HSK7-9
痹,bì,paralysis,瘟,焊,煌,得,痛,病,喂,愣,症,HSK7-9
攘,rǎng,chaotic,壤,镶,薪,瑰,斑,螺,擦,拷,薄,HSK7-9
蒜,suàn,garlic,谎,惩,粽,损,顿,德,恶,悲,踪,HSK7-9
蔼,ǎi,friendly,博,谱,褐,幕,惠,惰,碍,喝,莺,HSK7-9
楷,kǎi,model,榴,谐,精,橘,摘,梢,悄,橙,糙,HSK7-9
黏,nián,sticky,踝,群,蒲,推,裸,整,鲜,莉,拜,HSK7-9
漾,yàng,to ripple,绩,诱,荡,汤,游,瑟,溅,续,涝,HSK7-9
跤,jiāo,to fall,铰,较,饺,咬,致,绞,跌,馁,绿,HSK7-9
踊,yǒng,to leap,蹄,铺,搁,捅,野,辅,摘,桶,睁,HSK7-9
飙,biāo,whirlwind,贼,飘,枫,翘,缆,耀,舰,讽,鹅,HSK7-9
踹,chuài,to kick,瑞,揣,端,喘,蹄,蝙,哑,顿,融,HSK7-9
涮,shuàn,to rinse,刷,源,躺,铜,测,卿,漏,渊,滞,HSK7-9
翼,yì,wing,窘,算,蜜,薯,尊,窝,蓄,勇,撞,HSK7-9
魂,hún,soul,瑰,魄,鸡,愧,鸦,愚,预,磅,竭,HSK7-9
署,shǔ,to sign,暑,薯,暮,智,著,垦,辈,酋,普,HSK7-9
蒂,dì,stem,带,型,常,帝,南,骂,幕,博,莺,HSK7-9
乔,qiáo,to disguise,齐,芥,秃,侨,尖,秀,矣,芬,奖,HSK7-9
兼,jiān,simultaneously,集,便,秉,巢,秦,唉,梗,果,嗓,HSK7-9
堡,bǎo,fort,磨,磊,墓,型,荷,碧,查,蘑,侄,HSK7-9
曹,cáo,Cao,罩,唱,置,曾,兽,旱,量,卓,皇,HSK7-9
魏,wèi,Wei,锻,糠,键,搬,艇,健,酸,敷,邀,HSK7-9
恼,nǎo,annoyed,脑,抠,躯,烟,怖,枢,忙,函,惜,HSK7-9
凌,líng,bully,姿,婆,浸,济,渡,铰,绞,峻,涤,HSK7-9
赋,fù,to levy,腻,顾,舰,规,贼,购,烦,颂,喊,HSK7-9
袁,yuán,cloak,哀,衰,衷,畏,表,银,裳,装,恨,HSK7-9
恒,héng,permanent,怔,悟,惶,间,悍,语,宿,堂,惜,HSK7-9
叛,pàn,to betray,被,级,贩,彼,饭,绞,菠,版,敞,HSK7-9
遣,qiǎn,to dispatch,遭,道,逼,谴,适,造,遇,逞,退,HSK7-9
疫,yì,epidemic,瘦,设,役,疮,疾,投,葵,授,股,HSK7-9
癌,ái,cancer,瘟,症,短,痹,腊,强,碍,辟,噪,HSK7-9
歼,jiān,to annihilate,饪,殆,斯,径,很,斩,纤,祈,往,HSK7-9
雕,diāo,sculpture,膊,稠,鹤,糖,颗,魄,镯,陶,趟,HSK7-9
缝,féng,to sew,缎,绣,锈,激,隧,软,锻,缴,缕,HSK7-9
浩,hào,vast,洁,沽,茫,泄,泪,汪,诺,泊,沾,HSK7-9
掠,lüè,to plunder,晾,惊,拣,捎,悲,挡,踪,谅,亲,HSK7-9
贪,tān,greedy,贫,货,令,贤,贷,赁,今,负,茶,HSK7-9
腔,qiāng,body cavity,侄,控,帘,偿,许,空,诺,尝,讶,HSK7-9
膀,bǎng,upper arm,膜,服,媳,腺,磅,腾,姆,傍,镑,HSK7-9
陵,líng,hill,猿,腹,棱,段,凌,援,降,猪,猴,HSK7-9
绳,shéng,rope,缚,缔,韵,纯,锡,猾,缩,钩,绸,HSK7-9
骤,zhòu,to trot,糠,腾,验,锡,骄,镑,趣,敷,溅,HSK7-9
葬,zàng,to bury,聋,莽,垄,垫,酱,著,酵,募,荐,HSK7-9
铭,míng,inscription,络,裂,绪,经,路,赂,锣,骆,绎,HSK7-9
廊,láng,corridor,廓,部,邪,郎,那,郁,郭,邻,都,HSK7-9
宰,zǎi,to slaughter,幸,辛,宝,军,羊,窑,窖,牢,普,HSK7-9
唉,āi,to sigh,突,澳,候,奕,冤,唤,养,侯,喉,HSK7-9
链,liàn,chain,锻,邀,轿,糙,饼,遛,释,稀,墩,HSK7-9
窃,qiè,to steal,弦,垮,跨,综,挎,谤,绍,挖,穷,HSK7-9
纤,xiān,fine,红,经,饪,绊,纠,径,球,纬,缉,HSK7-9
趁,chèn,to take advantage of,珍,诊,修,掺,痰,惨,谬,逐,移,HSK7-9
瞬,shùn,instant,嚼,颗,糊,蹈,磅,趟,碟,避,碰,HSK7-9
颈,jǐng,neck,领,预,愣,硕,馈,垮,海,倾,竭,HSK7-9
辟,pì,to open up,辞,胜,碑,牌,娃,暗,短,钳,薛,HSK7-9
瘤,liú,tumor,痛,痒,病,崭,锯,痴,握,钥,熔,HSK7-9
钦,qīn,to admire,软,砍,秋,欲,饮,欺,欢,锹,款,HSK7-9
碧,bì,green jade,墓,磊,南,兽,普,窖,辈,暮,智,HSK7-9
屠,tú,to slaughter,唇,暑,履,署,屋,春,酱,督,犀,HSK7-9
寓,yù,residence,兽,曾,事,胃,晕,碧,富,常,善,HSK7-9
碑,bēi,stele,牌,啤,睹,辟,暗,磕,脾,窜,薛,HSK7-9
愣,lèng,dazed,愤,榜,惯,慌,馈,傍,懊,硕,熄,HSK7-9
钓,diào,angling,钧,钩,约,弥,沏,狗,烤,钞,钦,HSK7-9
颁,bān,to promulgate,旋,粉,颂,族,歇,筷,态,筋,领,HSK7-9
垄,lǒng,ridge,窘,酱,聋,奢,眷,李,卒,窒,牵,HSK7-9
殷,yīn,eager,股,般,段,胶,驭,腹,投,版,役,HSK7-9
擅,shàn,without authority,搞,墙,嘻,蝠,槁,营,哥,晴,霜,HSK7-9
巷,xiàng,alley,抚,募,表,老,挟,指,拴,隶,捉,HSK7-9
栽,zāi,to plant,载,戒,裁,辣,菊,截,拢,裸,婪,HSK7-9
瞒,mán,to conceal,辆,曝,嘲,唾,畴,糟,霜,割,嚷,HSK7-9
纺,fǎng,to spin,绽,旅,涨,绒,姚,绷,猿,纷,约,HSK7-9
颂,sòng,to extol,购,烦,颁,硫,颇,缆,颓,滤,赋,HSK7-9
嘿,hēi,hey,黑,黯,蔗,熏,啸,顿,趟,碳,瞧,HSK7-9
塘,táng,pond,锯,崭,掘,据,护,堤,垢,班,握,HSK7-9
砸,zá,to smash,啼,碍,喘,呵,型,晴,喂,闹,监,HSK7-9
怯,qiè,timid,棋,烛,馆,蚀,饵,饪,法,衬,恨,HSK7-9
魄,pò,vigor,晚,魂,瑰,鸭,摘,雅,愧,鹊,膊,HSK7-9
颖,yǐng,clever,锁,稳,窥,颇,德,馈,颓,镜,糙,HSK7-9
铸,zhù,to cast metal,祷,镑,锡,畴,揍,摊,镶,锯,镰,HSK7-9
毙,bì,to die,能,挎,悬,挖,背,指,恳,脂,惹,HSK7-9
恍,huǎng,suddenly,忧,悦,炖,抗,光,杭,扰,脱,况,HSK7-9
睹,dǔ,to see,碑,暗,薛,诸,啤,窜,辐,智,器,HSK7-9
蔑,miè,to disdain,募,捷,茂,猩,猎,狸,莽,超,拜,HSK7-9
垫,diàn,pad,塑,摔,捧,堕,挚,酵,搓,挥,超,HSK7-9
寞,mò,lonely,莫,奠,蔓,臭,寡,最,舅,寝,寄,HSK7-9
蕴,yùn,to accumulate,蓝,型,磕,腥,幕,碧,盟,蔼,磊,HSK7-9
魅,mèi,enchanting,魁,槐,赖,探,辣,雅,魔,碟,嗽,HSK7-9
堕,duò,to fall,障,萨,帮,垫,塑,惠,型,莺,醇,HSK7-9
绞,jiǎo,to twist,饺,铰,竣,狡,级,跤,较,凌,缓,HSK7-9
缅,miǎn,distant,缩,绯,瞪,渔,绅,蹬,禅,绵,维,HSK7-9
搅,jiǎo,to stir,揽,窥,鸦,宽,预,惹,琉,镜,捣,HSK7-9
奢,shē,extravagant,眷,酱,春,替,署,者,著,垄,窘,HSK7-9
尬,gà,awkward,勉,伪,仇,优,份,阶,伤,吩,扮,HSK7-9
澜,lán,wave,颗,润,喇,镯,稠,漂,鞠,滥,糊,HSK7-9
寝,qǐn,bedroom,宴,裳,肾,读,晨,慢,衰,寡,袁,HSK7-9
揽,lǎn,take on,搅,琉,鸦,窥,览,宽,梳,疏,镜,HSK7-9
嗽,sòu,to cough,漱,赖,懒,瞅,碟,稠,糙,糖,剩,HSK7-9
贮,zhù,to store,顷,烂,赔,赌,惊,赃,项,位,焊,HSK7-9
姥,lǎo,maternal grandmother,猪,婿,婚,娥,好,姨,姊,她,接,HSK7-9
煎,jiān,to sauté,湾,惩,涩,溃,谣,想,谤,源,烹,HSK7-9
棱,léng,edge,楼,核,梗,秽,接,秩,怪,择,校,HSK7-9
墅,shù,villa,撞,幢,博,臂,墨,阐,辖,割,譬,HSK7-9
瓣,bàn,petal,腾,搬,糠,辨,艇,徽,殿,獭,礁,HSK7-9
窟,kū,den,屑,犀,屋,算,管,磨,莓,芦,暂,HSK7-9
慷,kāng,generous,惭,慑,爆,煽,惕,锡,锯,例,煤,HSK7-9
溅,jiàn,to splatter,溯,流,漾,溉,贱,凝,贼,惑,饶,HSK7-9
悼,dào,to mourn,悍,惜,惶,憎,怔,悟,掉,宿,性,HSK7-9
渺,miǎo,insignificant,钞,砂,涉,吵,秒,湖,讼,减,炫,HSK7-9
磕,kē,to knock,挥,碑,碍,型,崎,畸,幕,梅,犁,HSK7-9
颓,tuí,dejected,颖,锁,烦,领,颇,辨,馈,锈,硫,HSK7-9
睦,mù,harmonious,哩,哇,壁,瞎,凿,薛,晴,罪,南,HSK7-9
窍,qiào,opening,到,垮,孪,尝,忘,亲,帘,拦,等,HSK7-9
唾,tuò,saliva,睡,哺,鲤,鲜,韩,肆,群,谨,瞎,HSK7-9
擎,qíng,to lift up,雾,挚,腾,攀,葱,警,窿,惑,寨,HSK7-9
铲,chǎn,shovel,筑,扩,斩,砌,镑,傍,例,场,候,HSK7-9
紊,wěn,disorder,紧,絮,袭,裂,鲨,繁,诱,凑,姿,HSK7-9
淀,diàn,sediment,渡,涉,漠,涕,淇,浙,洗,滨,添,HSK7-9
谤,bàng,to slander,镑,磅,缔,筝,溜,镜,韵,窃,海,HSK7-9
惰,duò,lazy,情,请,憎,懂,悟,惶,惜,悍,幕,HSK7-9
稠,chóu,dense,糖,调,躺,榴,糙,绸,缚,褐,馈,HSK7-9
曙,shǔ,daybreak,辐,睹,瞎,畸,眸,薯,碑,醒,磕,HSK7-9
曝,pù,sun-dry,辑,螺,嚷,睁,畴,踊,蒲,嫦,蘸,HSK7-9
捶,chuí,to thump,摧,捧,搓,锤,蒲,捕,捅,推,铺,HSK7-9
酵,jiào,to ferment,塑,醉,瑰,荐,垫,掐,捧,捅,著,HSK7-9
殃,yāng,calamity,铁,疾,跌,挟,族,秧,秩,焕,痪,HSK7-9
橘,jú,tangerine,榴,梅,桶,精,糙,犁,褐,椅,蔼,HSK7-9
榨,zhà,to extract,榕,椅,秤,标,梯,麻,琳,柿,杯,HSK7-9
蹭,cèng,to rub,增,蹄,蝠,蜡,蜻,躁,靖,辑,插,HSK7-9
媲,pì,to rival,媳,姆,嫦,磅,螃,婚,婿,膀,骚,HSK7-9
愈,yù,more,逾,渝,输,念,偷,惫,悉,途,贫,HSK7-9
徐,xú,slowly,绘,除,俭,俗,裕,祭,伶,茶,拎,HSK7-9
叙,xù,to narrate,敛,叔,致,敏,敬,被,焕,散,败,HSK7-9
臂,bì,arm,譬,墅,管,障,撞,惰,莺,誓,算,HSK7-9
涂,tú,to smear,涤,汰,浴,渝,泽,涕,淆,洽,沫,HSK7-9
慎,shèn,cautious,惧,填,镇,惜,憎,馆,棋,悔,恨,HSK7-9
磁,cí,magnet,舷,钩,兹,磅,魂,缔,簿,海,饼,HSK7-9
祭,jì,to offer sacrifice,察,条,绘,奈,茶,徐,矛,桨,求,HSK7-9
堪,kān,to endure,甚,堵,蛙,虾,虹,钳,若,担,描,HSK7-9
疏,shū,sparse,琉,硫,蔬,揽,梳,镜,跪,缆,瓶,HSK7-9
皱,zhòu,wrinkles,破,玻,敲,坡,媒,散,敏,圾,致,HSK7-9
悦,yuè,delighted,恍,忧,脱,税,说,炖,杭,况,锐,HSK7-9
裕,yù,abundant,俗,徐,铃,核,衍,衔,答,径,绘,HSK7-9
喉,hóu,throat,候,唉,唤,膜,侯,超,歌,趋,契,HSK7-9
娇,jiāo,attractive,矫,段,嫉,猪,较,猴,狭,狡,嫁,HSK7-9
僚,liáo,official,储,舒,俺,传,惫,净,馅,粹,符,HSK7-9
鞭,biān,whip,鞠,糟,镯,赖,嗽,撒,螺,蝇,腰,HSK7-9
喻,yù,to explain,偷,榆,愉,渝,输,逾,吟,稠,舒,HSK7-9
愧,kuì,ashamed,槐,魁,瑰,魂,愣,榜,懊,魄,咙,HSK7-9
浴,yù,to bathe,涂,溶,洽,裕,该,俗,洛,涕,汰,HSK7-9
撰,zhuàn,to compose,攘,惹,捞,挎,境,搅,薄,揽,擦,HSK7-9
侨,qiáo,to live abroad,价,依,桥,乔,伏,份,候,侠,尖,HSK7-9
窑,yáo,kiln,牢,窖,竿,宰,室,罕,窜,牵,至,HSK7-9
螺,luó,spiral shell,镯,壤,攘,斑,蟹,蹲,薄,蜓,蘸,HSK7-9
罐,guàn,jar,耕,辅,整,嘲,嚷,铺,鞠,肆,辖,HSK7-9
壤,rǎng,soil,攘,斑,螺,蹲,薄,镶,辑,瑰,螃,HSK7-9
稽,jī,to inspect,隆,馨,逮,袭,豁,降,轿,寨,释,HSK7-9
轿,jiào,sedan chair,矫,释,较,锻,锈,软,骄,疑,链,HSK7-9
窜,cuàn,to flee,卑,智,窑,啤,盘,童,南,单,革,HSK7-9
劈,pī,to split,旁,男,芳,宪,奥,唠,鸽,寇,亮,HSK7-9
谴,qiǎn,to denounce,遭,遣,避,遇,滴,薄,潭,道,漂,HSK7-9
禽,qín,fowl,拿,会,盒,笨,含,金,传,琴,吟,HSK7-9
腕,wàn,wrist,碗,施,豌,婉,脆,惋,舰,规,胧,HSK7-9
馨,xīn,fragrance,肇,寨,蜜,攀,薪,稽,窿,挚,撑,HSK7-9
魁,kuí,chief,愧,瑰,规,魂,槐,魅,鸡,耽,鸦,HSK7-9
逾,yú,to exceed,渝,愈,途,偷,榆,输,愉,递,喻,HSK7-9
砂,shā,gravel,吵,秒,渺,钞,砍,侦,候,抄,炒,HSK7-9
尴,gān,awkward,魁,揽,墟,瓶,琉,梳,疏,篇,硫,HSK7-9
喧,xuān,noisy,唱,罩,皇,晴,哩,睛,国,章,呵,HSK7-9
敷,fū,to apply,敬,姨,散,傲,敏,撤,腹,糠,敦,HSK7-9
婉,wǎn,tactful,腕,施,姚,豌,惋,碗,统,犹,烧,HSK7-9
髓,suǐ,marrow,蟹,嘴,鹤,静,翻,随,陶,霸,膊,HSK7-9
僻,pì,out of the way,磅,碟,雅,禅,榴,硕,梅,磕,稠,HSK7-9
膛,táng,chest,腥,腊,盟,赔,蕴,脾,碍,舶,强,HSK7-9
绰,chuò,ample,绅,绢,红,结,得,绵,谋,荷,堤,HSK7-9
墟,xū,ruins,虚,竭,愤,现,蹲,惹,瑰,唬,薪,HSK7-9
嗜,shì,to hanker,暂,酱,蓄,著,醇,崎,肾,督,惰,HSK7-9
槽,cáo,trough,植,框,糟,程,桂,棉,博,袖,幅,HSK7-9
熏,xūn,fragrance,黑,漏,膛,腥,聘,朝,羔,喂,票,HSK7-9
锯,jù,saw,钥,崭,银,塘,瘤,据,锡,猩,碌,HSK7-9
糙,cāo,rough,榴,避,橘,雅,穗,稳,粹,粽,辩,HSK7-9
絮,xù,long-winded,累,紊,素,紧,索,寨,鲨,袭,阂,HSK7-9
嫦,cháng,moon goddess,媳,婿,锯,姆,媲,妈,敲,猾,蒲,HSK7-9
瀑,pù,waterfall,涛,淆,潦,凑,渐,淹,凄,潘,满,HSK7-9
辫,biàn,braid,慈,辩,饶,锈,艇,邀,凝,锻,擎,HSK7-9
赃,zāng,stolen goods,脏,赔,焊,肃,呀,席,硕,腔,症,HSK7-9
蘑,mó,mushroom,磨,墓,幕,堡,碧,莓,撞,暂,萄,HSK7-9
渝,yú,to change,涂,逾,偷,榆,咏,愉,徐,输,拎,HSK7-9
潦,lǎo,heavy rain,淆,瀑,淹,凑,港,涛,涕,泽,滩,HSK7-9
惦,diàn,long for,恨,脏,灶,惧,炸,垢,供,桩,促,HSK7-9
鳄,è,crocodile,愕,聘,颤,鸭,唠,鲸,趟,喷,鹊,HSK7-9
魔,mó,demon,腐,摩,膊,题,侮,魁,鹰,蟹,惹,HSK7-9
宪,xiàn,constitution,旁,晃,芳,党,竞,亮,完,劳,壳,HSK7-9
飘,piāo,to flutter,赢,飙,藏,麟,糯,鹏,谎,舰,糖,HSK7-9
殿,diàn,palace,般,敏,艘,敬,致,悠,殷,腹,敞,HSK7-9
董,dǒng,director,重,辜,害,靠,青,薯,墓,事,兽,HSK7-9
穆,mù,solemn,稻,稼,鲨,谬,锡,律,惨,杨,寥,HSK7-9
恭,gōng,respectful,寂,添,淀,赤,舔,杰,徒,羔,绊,HSK7-9
疲,pí,tired,玻,嫁,菠,披,彼,破,获,叛,琢,HSK7-9
廉,lián,honest,屡,庭,磋,塞,痴,赌,拳,羞,履,HSK7-9
锐,ruì,sharp,税,镜,说,规,就,镑,脱,钩,洗,HSK7-9
溃,kuì,to burst,漂,淳,滴,淌,溜,泻,润,演,馈,HSK7-9
窝,wō,nest,穿,茅,窘,寄,裔,勇,字,荐,学,HSK7-9
慕,mù,to admire,幕,惠,等,蔼,墓,萧,惰,碧,祟,HSK7-9
囊,náng,sack,霸,谴,覆,蠢,萄,壤,震,聘,爵,HSK7-9
颠,diān,invert,巅,硕,额,镇,磅,膊,题,腥,鸽,HSK7-9
隙,xì,crevice,陈,栋,粽,谢,愣,销,辩,薄,馈,HSK7-9
纱,shā,yarn,钞,炒,沙,纵,约,纷,次,涉,冰,HSK7-9
滨,bīn,water's edge,淇,消,凉,泣,注,法,淳,缤,演,HSK7-9
缚,fú,to bind,薄,蟹,缔,糖,绵,海,绳,缠,馈,HSK7-9
绸,chóu,silk fabric,编,稠,调,验,绳,缠,绷,绩,缚,HSK7-9
钞,chāo,paper money,渺,砂,秒,纱,减,钩,炫,钧,钦,HSK7-9
颊,jiá,cheek,懊,频,硕,烦,顽,愣,赎,额,领,HSK7-9
赎,shú,to redeem,赚,颊,烦,频,领,熄,颇,膜,契,HSK7-9
磅,bàng,pound,榜,谤,镑,螃,傍,想,魂,愣,摘,HSK7-9
镶,xiāng,to inlay,攘,键,壤,健,镰,铸,镑,戳,籍,HSK7-9
窘,jiǒng,poor,窒,畜,垄,暑,翠,著,窝,暮,率,HSK7-9
撼,hàn,to shake,憾,蔬,镜,搬,鹅,饶,惑,饿,载,HSK7-9
痪,huàn,sickness,疾,废,瘦,殃,族,敏,娱,券,冤,HSK7-9
绽,zhàn,to split open,综,绩,绒,续,纺,绿,裂,缩,淀,HSK7-9
椒,jiāo,pepper,极,做,揪,煤,械,敞,瞅,树,赵,HSK7-9
瘾,yǐn,addiction,隐,德,稳,缆,颖,颇,陶,窥,硫,HSK7-9
赡,shàn,to support,赠,顽,顾,鹰,颇,瞻,愿,篇,赐,HSK7-9
粽,zòng,rice dumpling,栋,棕,惩,粒,标,想,综,鲸,德,HSK7-9
颇,pō,inclined,熄,颖,烦,频,额,唬,越,颊,规,HSK7-9
颤,chàn,to tremble,鳄,愕,稿,硕,顿,赠,喷,喂,颠,HSK7-9
锦,jǐn,brocade,铺,蹄,搏,销,棉,博,幕,绵,精,HSK7-9
缠,chán,to wind around,缚,绸,糖,稠,缩,绳,绵,编,缅,HSK7-9
绵,mián,continuous,绢,缩,悲,绰,缚,得,综,惩,锦,HSK7-9
痴,chī,idiotic,痒,病,庞,诬,痛,瘤,赌,瘫,榕,HSK7-9
寡,guǎ,widow,募,寞,易,寝,舅,摸,奠,豪,肾,HSK7-9
徽,huī,emblem,微,糠,悠,憋,傲,锹,歉,锈,矫,HSK7-9
戚,qī,relative,越,贼,戒,城,咸,藏,胧,感,裁,HSK7-9
譬,pì,analogy,誓,臂,管,墅,障,辈,筐,警,膏,HSK7-9
镑,bàng,pound sterling,谤,磅,镜,螃,锐,榜,铸,锡,傍,HSK7-9
幢,zhuàng,building,墅,啼,博,谭,割,喂,糟,撞,懂,HSK7-9
缔,dì,to conclude,缚,馅,谤,综,溜,绵,磅,绳,缩,HSK7-9
嫉,jí,to be jealous,娇,猴,嫁,瘫,菠,激,姨,疲,叛,HSK7-9
缆,lǎn,cable,统,您,硫,滤,疏,窥,碗,孵,惑,HSK7-9
簇,cù,cluster,感,疑,矫,烧,筋,笼,绕,锈,激,HSK7-9
锤,chuí,hammer,铺,捶,鲜,谁,磋,肆,整,津,捧,HSK7-9
馈,kuì,to gift,锁,愤,债,惯,愣,溃,颈,馅,躺,HSK7-9
嗦,suō,to suck,粽,糙,犁,谤,橘,篮,薄,谣,榴,HSK7-9
窒,zhì,to obstruct,翠,窘,窖,窗,室,率,窑,畜,垄,HSK7-9
攒,zǎn,accumulate,赞,揽,疏,蔬,琉,搅,撼,鹅,硫,HSK7-9
惋,wàn,regret,碗,豌,腕,就,闷,既,桃,视,宛,HSK7-9
鲨,shā,shark,荡,裂,凄,凑,凌,降,隆,淆,瑟,HSK7-9
巅,diān,summit,颠,损,萌,薄,聘,硕,萄,融,蹲,HSK7-9
窿,lóng,hole,隆,擎,馨,寨,蓬,警,雾,挚,庭,HSK7-9
踪,zōng,tracks,挡,掠,惊,晾,湿,悲,罚,棕,坛,HSK7-9
凝,níng,to congeal,疑,饶,邀,饿,艇,糠,锻,锈,辫,HSK7-9
寂,jì,silent,叔,翅,致,徒,服,熔,殴,破,敲,HSK7-9
缴,jiǎo,to hand over,激,缎,骏,绣,澈,教,绒,糠,绕,HSK7-9
溶,róng,to dissolve,落,潜,浴,淆,潘,治,涂,澄,洛,HSK7-9
懈,xiè,lax,解,确,健,镰,麟,嘴,瓶,键,械,HSK7-9
窥,kuī,to peep,搅,揽,镜,颖,魂,鸦,愚,规,惹,HSK7-9
矫,jiǎo,to rectify,轿,铰,娇,软,锈,筷,疑,较,簇,HSK7-9
缤,bīn,abundant,滨,经,淇,煮,综,弦,绊,绪,绽,HSK7-9
豁,huō,slit,截,键,隆,携,稽,辖,遛,蘸,健,HSK7-9
舔,tiǎn,to lick,糕,额,翅,饼,蹬,庭,翰,蔽,糙,HSK7-9
乍,zhà,first,右,昼,作,有,吞,借,午,伯,卡,NON-HSK
亥,hài,boar,该,咳,委,这,核,攻,条,液,返,NON-HSK
匕,bǐ,spoon,七,它,包,乙,亿,也,扎,孔,尤,NON-HSK
廿,niàn,twenty,甘,土,叶,中,士,牛,古,十,世,NON-HSK
耶,yē,ye,郎,郁,部,邦,郭,邪,都,廊,阵,NON-HSK
玛,mǎ,agate,蚂,冯,蛇,码,妈,屿,坊,抬,站,NON-HSK
菲,fēi,fragrant,罪,非,哇,暗,晤,幸,国,芒,佳,NON-HSK
吾,wú,me,百,吉,宫,吕,呈,昔,晋,巨,豆,NON-HSK
韦,wéi,tanned hide,寺,幸,羊,再,萤,丰,串,市,宇,NON-HSK
姊,jiě,elder sister,好,媒,娘,妨,妒,圾,妖,坡,妓,NON-HSK
轩,xuān,high,车,牢,控,抨,钳,堵,军,窑,错,NON-HSK
崔,cuī,Cui,审,君,革,佳,卑,串,岩,星,宙,NON-HSK
珊,shān,coral,删,蹦,瓶,琉,疏,墟,振,现,赫,NON-HSK
栗,lì,chestnut,果,束,柬,茉,荣,某,桌,查,呆,NON-HSK
杉,shān,fir,衫,形,秒,侈,伶,枚,夜,交,仪,NON-HSK
杏,xìng,apricot,查,呆,否,桌,本,束,右,某,香,NON-HSK
蚂,mǎ,ant,玛,码,蛇,吗,屿,拇,妈,冯,捎,NON-HSK
眯,mī,narrow the eyes,咪,味,昧,株,棵,睬,袜,辣,裸,NON-HSK
眷,juàn,dependant,奢,春,着,垄,酱,替,窘,看,暮,NON-HSK
肘,zhǒu,elbow,射,府,的,朗,屁,附,时,肺,脖,NON-HSK
沁,qìn,seep,泌,沈,沟,泡,心,池,泥,泳,沙,NON-HSK
拇,mǔ,thumb,捣,搏,损,抨,志,捎,招,揭,持,NON-HSK
汀,tīng,shoal,河,污,江,订,汁,讨,淳,消,汗,NON-HSK
轧,yà,crush,扎,孔,乖,北,讯,钉,打,瓦,拧,NON-HSK
豚,tún,piglet,嫁,啄,琢,疲,貌,叛,狭,毅,家,NON-HSK
咪,mī,meow,眯,味,昧,袜,株,棵,辣,沫,珠,NON-HSK
屎,shǐ,excrement,来,架,尿,柬,茉,果,床,渠,束,NON-HSK
酋,qiú,chieftain,署,暮,普,西,盘,墓,智,窜,暑,NON-HSK
噩,è,shocking,哩,哇,喧,晴,睛,鼎,罪,睦,唱,NON-HSK
芹,qín,celery,斤,芦,片,升,斥,盾,折,听,垢,NON-HSK
橇,qiāo,sled,撬,穗,擦,稳,攘,馨,爆,剩,携,NON-HSK
舀,yǎo,to ladle,结,红,怪,留,咨,煮,袁,浩,衰,NON-HSK
瑟,sè,Chinese harp,绩,扬,裂,锡,惹,颖,馒,薪,庭,NON-HSK
莉,lì,jasmine,刺,柿,秤,犁,椅,标,谍,桶,梯,NON-HSK
鸿,hóng,swan,诧,询,怠,弥,谢,净,饲,冻,淳,NON-HSK
亨,hēng,smooth,享,字,号,宇,亭,冥,子,寻,京,NON-HSK
湘,xiāng,Hunan,湖,渔,灌,润,溢,渣,湿,禅,浑,NON-HSK
咒,zhòu,curse,冗,兄,吭,党,兑,克,壳,元,句,NON-HSK
屁,pì,fart,鹿,助,坊,张,底,房,肘,访,胀,NON-HSK
淫,yín,lewd,滔,涤,浮,涂,凌,滚,溪,涕,泽,NON-HSK
蝶,dié,butterfly,碟,操,蛛,躁,蜴,堤,崭,谋,蜘,NON-HSK
姚,yáo,Yao,跳,挑,拟,犹,桃,烧,纺,婉,旅,NON-HSK
琳,lín,beautiful jade,麻,淋,株,棵,林,栓,梯,榨,袜,NON-HSK
蚁,yǐ,ant,蚊,坡,玫,玻,圾,破,改,政,被,NON-HSK
刃,rèn,blade,历,乃,办,刀,叨,力,方,厉,为,NON-HSK
尹,yǐn,oversee,开,年,弄,羊,庄,声,牛,生,主,NON-HSK
呻,shēn,groan,瞄,畔,啤,哺,叶,卧,吐,哩,晤,NON-HSK
扼,è,clutch,扰,抗,耽,抚,范,拖,抱,拘,舵,NON-HSK
盔,kuī,helmet,盗,坠,密,庭,筐,举,盈,差,炭,NON-HSK
夭,yāo,die young,失,矢,犬,关,大,丈,太,夫,天,NON-HSK
苔,tái,moss,台,县,育,者,堵,著,畜,去,窘,NON-HSK
溺,nì,to drown,涕,溜,韵,滴,沏,缔,澄,湖,绿,NON-HSK
拭,shì,wipe,试,式,抚,迅,耽,扰,武,拇,玩,NON-HSK
鸥,ōu,gull,恩,鸣,鸭,刚,驱,鹊,箭,钢,脑,NON-HSK
佯,yáng,to pretend,件,伴,住,伟,样,佳,坐,详,辟,NON-HSK
啄,zhuó,peck,琢,豚,嫁,破,疲,稼,获,家,吸,NON-HSK
羔,gāo,lamb,点,黑,煮,驻,照,蕉,期,熏,赤,NON-HSK
涧,jiàn,mountain stream,润,洞,词,简,桐,晾,谅,饲,滴,NON-HSK
蜻,qīng,dragonfly,蜡,捐,蝠,酿,醋,增,啪,酷,蹭,NON-HSK
茉,mò,jasmine,荣,束,栗,来,某,呆,末,果,宋,NON-HSK
蜓,tíng,dragonfly,挺,斑,蛾,摊,螺,撕,蜂,蜘,掐,NON-HSK
糯,nuò,glutinous,谎,糊,儒,颗,黯,翻,耀,稳,糖,NON-HSK
蜥,xī,lizard,晰,撕,蜘,逝,蜓,橱,斑,揪,嘶,NON-HSK
饪,rèn,to cook,纤,丢,歼,怯,饵,馆,话,蚀,活,NON-HSK
蜴,yì,lizard,踢,锡,螃,蛎,惕,蝶,勃,振,勘,NON-HSK
彥,yàn,erudite,惨,参,寥,家,鲨,颜,谬,修,絮,NON-HSK
洛,luò,Los Angeles,溶,络,浴,落,涂,涤,泽,姿,济,NON-HSK
曼,màn,prolong,蔓,夏,度,臭,慢,瘦,美,更,复,NON-HSK
彭,péng,Peng,彰,影,彩,哆,咳,凌,煲,涉,续,NON-HSK
娜,nà,na,挪,绑,撤,哪,娥,她,烧,敷,瓶,NON-HSK
惟,wéi,only,准,谁,催,推,怪,祥,堆,淮,唯,NON-HSK
卿,qīng,minister,脚,柳,御,喊,谢,炯,棚,咙,酌,NON-HSK
甫,fǔ,barely,审,再,串,羊,革,单,韦,宙,丰,NON-HSK
昭,zhāo,evident,胆,暗,铝,舶,担,晤,陌,招,咱,NON-HSK
狐,hú,fox,孤,弧,叛,贩,狡,狱,饭,级,匆,NON-HSK
咕,gū,mutter,叶,坦,咱,吐,担,苦,拒,苗,廿,NON-HSK
嘻,xī,giggle,营,晴,辜,富,罩,睛,兽,碧,擅,NON-HSK
靖,jìng,pacify,竭,请,蹄,聘,悲,峭,绵,谐,饲,NON-HSK
诡,guǐ,deceitful,跪,脆,说,惋,视,锐,创,就,宛,NON-HSK
芙,fú,hibiscus,英,茉,夫,荣,哭,夹,夷,架,束,NON-HSK
榴,liú,pomegranate,橘,精,楷,糙,梅,薄,桶,糊,褐,NON-HSK
冥,míng,dark,景,亨,享,京,宾,号,亭,室,宗,NON-HSK
俺,ǎn,I,舒,僚,掩,愧,倦,筑,储,解,龟,NON-HSK
妓,jì,prostitute,奴,牧,披,妖,玻,肢,扳,效,玫,NON-HSK
嗡,wēng,buzz,翁,嗦,缚,缔,颖,德,愚,锡,躺,NON-HSK
骆,luò,camel,致,胳,骚,服,腹,敲,赂,毁,络,NON-HSK
苟,gǒu,careless,荷,毕,旬,有,拾,句,争,芳,甸,NON-HSK
莺,yīng,oriole,粤,骂,毒,宵,莓,喝,鸣,醇,蔼,NON-HSK
梗,gěng,stem,便,使,棱,硬,鼓,枝,集,更,麦,NON-HSK
炯,jiǒng,bright,焊,煌,灿,咐,愣,贿,烟,炖,呢,NON-HSK
炕,kàng,brick-heated bed,饥,航,访,炮,恍,灯,熄,讥,抗,NON-HSK
峭,qiào,precipitous,哨,踪,屿,挡,靖,峙,削,晾,咐,NON-HSK
奕,yì,radiating,突,案,类,侯,架,弈,菜,唉,染,NON-HSK
矗,chù,towering,草,醋,酷,掉,酣,捏,值,曹,基,NON-HSK
诬,wū,accuse falsely,诺,许,评,讶,诸,红,茫,秤,砖,NON-HSK
枫,fēng,maple,讽,械,纲,椒,诫,憾,概,钢,棚,NON-HSK
尧,yáo,sage king,秃,戈,疫,矣,务,挨,挠,葵,齐,NON-HSK
萤,yíng,firefly,虽,莹,苛,幸,寺,苦,宝,审,革,NON-HSK
帷,wéi,curtain,柿,桶,唯,棉,梅,催,怖,糟,槽,NON-HSK
袄,ǎo,coat,秩,秧,秋,秒,跃,沃,桥,砍,铁,NON-HSK
雏,chú,chick,难,维,雅,推,谁,准,缅,惟,整,NON-HSK
橄,gǎn,olive,摊,释,做,铸,嫌,嫩,稀,瘫,楼,NON-HSK
咀,jǔ,to chew,旺,苗,面,田,臣,甜,甲,里,咱,NON-HSK
粱,liáng,millet,梁,染,袋,续,族,添,菜,绽,裂,NON-HSK
瀚,hàn,vast,翰,确,锻,簿,穗,邀,漱,赖,辩,NON-HSK
莓,méi,berry,每,墓,盘,毒,算,菩,醇,暂,暮,NON-HSK
蛎,lì,oyster,蜴,堤,握,捉,蜻,提,振,酿,塘,NON-HSK
箩,luó,bamboo basket,罗,裂,策,梦,萝,察,唉,第,袋,NON-HSK
蒋,jiǎng,Jiang,裔,等,酱,碎,荐,茅,诺,诸,弈,NON-HSK
沈,shěn,Shen,沉,洗,泥,泡,池,沟,冰,况,诡,NON-HSK
玲,líng,exquisite,拎,铃,绘,冷,怜,茶,场,伶,岭,NON-HSK
葛,gé,kudzu,暮,墓,著,暂,莓,碧,垦,薯,普,NON-HSK
吟,yín,recite,怜,岭,伶,龄,询,涵,检,滥,传,NON-HSK
谭,tán,Tan,僵,谓,潭,博,喂,幢,幕,框,槽,NON-HSK
稣,sū,to revive,酥,株,琳,袜,蛛,秧,棵,述,淋,NON-HSK
拂,fú,caress,捞,佛,掏,摸,摊,揍,拢,捅,拼,NON-HSK
驼,tuó,camel,驰,舵,骑,韵,泥,冯,说,泡,混,NON-HSK
蛛,zhū,spider,珠,袜,抹,昧,株,煤,蝶,酥,踝,NON-HSK
褐,hè,brown,蔼,竭,得,梅,愣,精,榴,橘,侮,NON-HSK
钮,niǔ,button,扭,胜,胖,挫,镇,牌,钳,伍,错,NON-HSK
桐,tóng,paulownia,稿,槁,咐,棉,涧,闲,档,铜,精,NON-HSK
樱,yīng,cherry,婴,稳,弊,颖,概,械,糙,梳,憾,NON-HSK
啪,pā,bang,描,萌,蜡,插,押,蝉,哨,蜻,蝴,NON-HSK
晌,shǎng,part of the day,响,啃,桐,晾,喂,吗,呐,搞,槁,NON-HSK
琐,suǒ,trivial,损,锁,班,斑,销,蹲,贺,馈,现,NON-HSK
涩,sè,astringent,渔,浑,溢,溃,溜,谣,涝,读,谤,NON-HSK
伶,líng,actor,怜,冷,俗,铃,徐,俭,令,今,岭,NON-HSK
坤,kūn,female,钟,押,冲,虹,虾,堵,牡,埋,轴,NON-HSK
蝴,hú,butterfly,瑚,蜘,啪,蹄,螃,蜡,蚂,湖,蝇,NON-HSK
襄,xiāng,aid,裳,寨,读,寝,馒,裹,赛,裂,锡,NON-HSK
蝉,chán,cicada,啪,轴,钟,坤,描,错,横,蜡,蜘,NON-HSK
疤,bā,scar,尼,祀,苟,无,舟,助,包,痕,色,NON-HSK
悍,hàn,bold,惶,悼,怔,悟,恒,惜,证,忙,宿,NON-HSK
舷,xián,side of ship,弦,磁,魂,辩,熄,鸡,察,窃,炫,NON-HSK
瑚,hú,coral,蝴,萌,啪,插,蚀,湖,拌,蹄,捎,NON-HSK
淳,chún,honest,泻,清,润,污,溃,洞,滨,滑,淌,NON-HSK
狩,shòu,to hunt,犹,狗,犯,猪,猜,狈,狼,猛,兜,NON-HSK
蝠,fú,bat,蝗,蜡,增,蜻,搞,辐,蹭,嘻,醋,NON-HSK
蛾,é,moth,哦,蜓,饿,撕,城,俄,找,挺,撼,NON-HSK
鹊,què,magpie,鸣,鸭,呜,鸽,摘,醇,捣,聘,喝,NON-HSK
葵,kuí,sunflower,奏,埃,萎,衷,挨,这,设,隶,联,NON-HSK
蝙,biān,bat,融,锦,瞩,蹄,踹,蝇,崛,顿,瑞,NON-HSK
踝,huái,ankle,躁,裸,珠,谋,碌,辣,棵,昧,眯,NON-HSK
贰,èr,two,氧,氯,腻,觉,氨,宽,鼠,氛,览,NON-HSK
蔗,zhè,sugarcane,熙,黑,嘿,碳,蔚,燕,羔,照,炭,NON-HSK
芥,jiè,mustard,芬,乔,茶,朵,侠,岔,尖,齐,失,NON-HSK
淇,qí,cream,滨,浊,注,渣,洪,浪,法,装,淀,NON-HSK
雹,báo,hail,震,霉,愚,驾,惠,帮,宽,氯,撑,NON-HSK
糠,kāng,chaff,徽,魏,獭,锻,搬,微,艇,傲,邀,NON-HSK
翰,hàn,writing brush,瀚,轻,磅,雅,橙,裸,澳,探,祷,NON-HSK
哩,lǐ,English mile,罪,睦,画,喧,唱,罩,国,晴,哇,NON-HSK
怔,lèng,panic-stricken,恒,悍,惜,悟,证,临,佳,征,忙,NON-HSK
蒲,pú,cattail,搓,捅,津,摧,捶,睁,捧,浦,肆,NON-HSK
绢,juàn,thin strong silk,绵,结,绰,弱,钥,得,滑,漏,绍,NON-HSK
坎,kǎn,pit,砍,吹,耿,饮,跃,跌,殃,劲,钦,NON-HSK
坊,fāng,lane,功,助,拐,护,坑,捉,屁,劳,访,NON-HSK
氢,qīng,hydrogen,氧,氯,急,氨,氛,气,垒,意,夸,NON-HSK
侄,zhí,nephew,至,空,室,磊,许,腔,罕,蛮,偿,NON-HSK
狸,lí,raccoon dog,猩,猎,猫,猖,猜,狂,拜,蔑,娃,NON-HSK
崎,qí,rugged,畸,寄,商,幕,哼,醇,搞,挥,荐,NON-HSK
暇,xiá,free time,硬,群,瞪,唯,拜,睦,噪,躁,嗅,NON-HSK
嘶,sī,hoarse,撕,逝,斯,新,惭,斩,浙,蜥,蜴,NON-HSK
嘎,gā,ga,嗅,蔓,要,最,喂,宴,畸,硬,睹,NON-HSK
裳,shang,clothing,衰,袁,读,寝,哀,漠,衷,银,录,NON-HSK
琉,liú,gemstone,疏,硫,蔬,梳,揽,镜,搅,现,瓶,NON-HSK
殆,dài,nearly,始,胎,给,尿,歼,艰,冶,经,名,NON-HSK
犁,lí,plow,型,摔,精,磕,橘,博,挥,禁,莉,NON-HSK
蝗,huáng,locust,蝠,蜡,蛙,增,掉,捍,融,瞄,喂,NON-HSK
垢,gòu,dirt,护,痕,塘,恨,惦,折,跟,妇,听,NON-HSK
澈,chè,clear,激,撤,缴,辙,教,娥,滩,墩,缎,NON-HSK
眸,móu,pupil,禅,砖,碎,碑,诺,睹,畔,曙,简,NON-HSK
穗,suì,ear of grain,稳,糙,簿,赖,蟹,籍,镯,邀,瀚,NON-HSK
祟,suì,evil spirit,崇,票,宗,京,评,弯,帘,请,罢,NON-HSK
犀,xī,rhinoceros,屋,屑,库,层,唇,磨,窖,碧,厚,NON-HSK
淤,yū,silt,泳,泌,游,涤,汤,溯,浮,漾,沏,NON-HSK
锹,qiāo,shovel,揪,瞅,秘,钦,秋,称,软,微,漱,NON-HSK
槁,gǎo,withered,稿,桐,框,搞,棉,档,程,植,福,NON-HSK
侯,hóu,marquis,候,柴,侠,架,奕,突,案,朵,度,NON-HSK
啥,shá,what,哈,坚,栗,拾,茉,果,谋,束,程,NON-HSK
宛,wǎn,as if,惋,舵,扼,抗,炕,扰,舱,创,航,NON-HSK
憎,zēng,to hate,惜,悼,惰,悟,情,僧,谱,增,悍,NON-HSK
愕,è,stunned,鳄,闯,愣,颤,馈,喷,愤,唠,谎,NON-HSK
菱,líng,water chestnut,萎,姜,择,蒙,接,棱,葵,妻,婪,NON-HSK
簿,bù,register,薄,稳,穗,瀚,德,缚,漂,锁,襟,NON-HSK
啼,tí,weep aloud,砸,幢,制,闹,喘,蹄,锦,阐,博,NON-HSK
嚣,xiāo,hubbub,蓄,筐,滑,请,辈,塑,惠,筒,闯,NON-HSK
氯,lǜ,chlorine,氧,氢,急,氨,怠,贰,氛,惹,债,NON-HSK
蜘,zhī,spider,蝴,蜂,蝉,蝶,蜓,蜥,螺,蜴,螃,NON-HSK
疮,chuāng,sore,呛,疾,芬,疫,除,苍,抡,捡,沧,NON-HSK
锣,luó,gong,铭,梦,裂,咳,锡,签,该,箩,刻,NON-HSK
鲤,lǐ,carp,鲜,畔,唾,埋,理,瞄,睡,蝉,眸,NON-HSK
拷,kǎo,flog,拣,挎,垮,掠,跨,撑,捞,抒,擦,NON-HSK
漱,shù,to rinse the mouth,嗽,软,钦,锻,锹,瀚,揪,瞅,称,NON-HSK
寅,yín,sign of the tiger,黄,宾,冥,专,景,真,宴,蛋,京,NON-HSK
镯,zhuó,bracelet,鞠,翻,嘴,螺,蟹,赖,籍,麟,穗,NON-HSK
晾,liàng,to air-dry,谅,掠,哨,惊,湿,呀,踪,剖,涧,NON-HSK
螃,páng,crab,磅,镑,瑰,蜴,捞,姆,谤,摸,榜,NON-HSK
菠,bō,spinach,波,被,玻,破,段,披,渡,嫂,坡,NON-HSK
铰,jiǎo,to cut with scissors,跤,较,饺,绞,咬,馁,矫,凌,液,NON-HSK
捨,shě,abandon,拴,拾,择,扶,搭,表,隶,衷,抹,NON-HSK
埃,āi,dust,挨,球,葵,跌,挟,挺,延,联,劲,NON-HSK
薛,xuē,Xue,睦,睹,窜,暗,卑,辟,瞎,碑,壁,NON-HSK
猿,yuán,ape,狼,狠,猴,猪,狭,狗,猜,绿,陵,NON-HSK
惶,huáng,fearful,悍,悼,恒,悟,碧,惜,怔,宿,磊,NON-HSK
哟,yō,oh!,钩,约,溯,绳,涝,沏,缔,砌,钓,NON-HSK
硫,liú,sulfur,梳,疏,琉,揽,德,稳,筛,蔬,隐,NON-HSK
襟,jīn,lapel,稳,德,粽,辩,禁,擦,探,糙,筛,NON-HSK
氨,ān,ammonia,氧,氢,氯,氛,急,筹,汽,凳,第,NON-HSK
缎,duàn,satin,绣,悠,骏,锻,激,缴,竣,缝,绒,NON-HSK
绊,bàn,to stumble,红,绅,经,渔,纤,缤,结,绯,细,NON-HSK
蔚,wèi,luxuriant,萧,萄,蒜,愿,惠,损,膛,惩,趟,NON-HSK
懊,ào,remorse,颊,澳,愣,奥,模,愧,倾,硕,唉,NON-HSK
榆,yú,elm,偷,愉,喻,检,渝,输,逾,徐,枪,NON-HSK
锄,chú,hoe,城,劫,砌,撕,铲,慷,勃,嘶,锡,NON-HSK
墩,dūn,mound,锻,敦,较,激,绿,跤,救,毁,软,NON-HSK
豌,wān,pea,碗,惋,腕,就,观,锐,规,闷,现,NON-HSK
獭,tǎ,otter,糠,赖,搬,艇,徽,懒,邀,鹅,确,NON-HSK
寇,kòu,bandit,宠,庞,旁,冠,孕,宪,冤,侮,菊,NON-HSK
鲸,jīng,whale,想,粽,薄,栋,惩,糙,德,漂,掠,NON-HSK
蹄,tí,hoof,锦,踊,蹭,摘,璃,靖,搁,聘,搏,NON-HSK
棕,zōng,palm,标,档,惊,谅,粽,闲,栋,怖,偿,NON-HSK
蟹,xiè,crab,缚,镯,鹤,嘴,穗,螺,蹲,糖,稳,NON-HSK
黯,àn,dim,膊,蘸,瞩,嚷,赠,糖,摘,蹄,嘿,NON-HSK
麟,lín,unicorn,镯,耀,嘴,鞠,糖,辉,弊,赖,键,NON-HSK
蓉,róng,hibiscus,容,客,塔,轻,搭,若,挫,拓,著,NON-HSK
熔,róng,to melt,焰,炼,寂,煽,瘤,熄,痴,烤,额,NON-HSK
窖,jiào,cellar,窑,室,碧,宰,窒,普,辈,墓,菩,NON-HSK
榕,róng,banyan,榨,容,椅,秤,梯,诺,箱,橙,桶,NON-HSK
镰,lián,sickle,健,解,赚,镶,铸,锡,糠,懈,键,NON-HSK
